NumSalle,numpersonne,DateDebut,DateFin
1,1,2003-11-14,2016-03-30
1,2,2012-11-30,2021-03-29
1,3,2007-04-08,2024-07-01
1,4,2018-12-13,2024-10-09
1,5,1990-04-01,2020-03-24
1,6,2019-05-14,2023-10-29
1,7,1995-04-13,2015-11-12
1,8,2002-10-30,2012-11-02
1,9,2008-02-27,2013-01-10
1,10,2017-12-24,2019-07-31
1,11,2001-01-18,2005-12-04
1,12,2015-12-01,2024-12-20
1,13,2004-12-16,2006-02-11
1,14,2010-03-16,2013-07-30
1,15,2008-12-01,2015-08-30
1,16,1994-09-25,2002-08-23
1,17,1996-06-14,1998-12-22
1,18,2003-07-05,2019-07-12
1,19,2020-06-04,2023-07-30
1,20,1990-11-30,2005-12-23
1,21,1999-01-30,2001-08-04
1,22,2017-12-04,2019-02-13
1,23,2004-02-03,2015-07-01
1,24,1994-01-21,2016-08-21
1,25,1991-08-07,2022-05-07
1,26,1995-11-12,2023-12-05
1,27,1998-02-18,1999-05-24
1,28,2021-09-08,2023-12-31
1,29,2021-10-12,2022-11-01
1,30,1994-06-11,2017-03-04
1,31,2025-01-07,
1,32,2002-10-31,2010-07-25
1,33,2009-06-08,2019-06-21
1,34,2001-01-30,2002-08-06
1,35,2007-12-28,2016-04-26
1,36,2017-01-27,2020-07-23
1,37,2005-03-17,2010-01-12
1,38,2014-12-03,2024-01-19
1,39,2005-05-26,2016-09-03
1,40,1991-12-04,2011-09-29
1,41,1997-07-01,1998-07-10
1,42,2018-09-29,2021-06-19
1,43,1993-04-14,2008-12-08
1,44,2003-02-25,2013-06-29
1,45,2022-07-25,2024-09-29
1,46,1997-02-24,2024-08-12
1,47,2000-12-29,2022-08-22
1,48,2017-09-21,2020-04-19
1,49,2004-05-12,2011-11-17
1,50,2008-04-11,2015-01-12
1,51,2007-01-15,2013-05-26
1,52,2024-07-21,
1,53,2002-04-19,2007-09-10
1,54,2009-11-04,2021-09-12
1,55,1997-03-01,2009-02-19
1,56,2001-02-24,2021-11-24
1,57,2013-12-03,2016-12-20
1,58,2021-05-27,2022-06-15
1,59,2024-01-30,2025-02-06
1,60,2020-10-19,2022-08-14
1,61,1991-11-11,2008-05-11
1,62,2014-07-09,2019-04-04
1,63,2002-06-25,2024-07-19
1,64,1996-12-30,2005-11-29
1,65,2011-05-14,2016-06-29
1,66,1995-06-22,1999-12-10
1,67,1998-05-22,2016-12-06
1,68,2016-08-03,2019-06-01
1,69,2010-02-17,2013-05-04
1,70,2010-10-23,2012-05-23
1,71,2016-03-16,2020-12-10
1,72,2003-12-25,2016-12-31
1,73,2000-12-18,2023-02-20
1,74,2009-11-09,2021-02-21
1,75,2009-02-11,2022-08-09
1,76,1998-06-01,2005-09-08
1,77,2022-02-12,2024-03-03
1,78,2005-06-27,2011-04-26
1,79,2012-11-08,2015-09-26
1,80,2023-03-19,2024-07-11
1,81,1994-12-17,2016-08-17
1,82,2012-08-30,2015-09-05
1,83,1994-11-18,2005-04-04
1,84,1994-09-19,2005-01-26
1,85,2023-11-15,2025-04-09
1,86,2016-02-19,2021-08-01
1,87,1992-05-30,2002-03-09
1,88,1993-02-24,2020-01-26
1,89,1992-11-23,1995-02-01
1,90,2009-05-20,2015-09-25
1,91,2004-05-05,2012-08-25
1,92,2019-07-02,2024-12-03
1,93,2022-01-13,2023-04-27
1,94,2020-06-16,2024-04-30
1,95,1999-07-05,2018-06-10
1,96,2013-05-01,2014-07-12
1,97,2022-12-21,2024-05-16
1,98,1996-02-14,2022-10-08
1,99,2000-09-07,2021-12-04
1,100,2010-04-25,2012-02-20
2,1,2003-10-17,2023-01-23
2,2,1996-04-04,2023-05-26
2,3,1999-09-19,2001-05-22
2,4,1997-02-17,2020-10-13
2,5,2013-09-05,2021-01-16
2,6,2013-11-22,2015-09-27
2,7,1997-01-20,2019-01-20
2,8,2017-03-01,2023-08-31
2,9,2011-07-12,2022-06-06
2,10,2003-06-07,2021-08-17
2,11,2018-12-10,2024-08-18
2,12,2016-03-14,2022-05-28
2,13,2017-12-11,2019-04-21
2,14,2001-07-23,2003-05-03
2,15,2002-05-07,2008-08-21
2,16,2019-05-11,2021-05-20
2,17,2005-12-15,2016-10-29
2,18,2014-07-26,2020-11-11
2,19,2019-06-28,2021-05-22
2,20,2016-11-03,2018-09-07
2,21,2005-03-16,2017-02-15
2,22,2021-02-24,2022-03-19
2,23,2005-10-04,2024-06-11
2,24,2004-03-17,2009-05-20
2,25,2016-05-18,2022-08-04
2,26,2002-05-09,2011-09-03
2,27,2011-05-28,2016-05-22
2,28,2016-03-07,2024-01-28
2,29,1994-07-13,2024-11-21
2,30,2003-06-29,2016-03-25
2,31,2007-04-18,2020-12-18
2,32,2010-01-04,2023-04-25
2,33,2024-04-02,2025-04-06
2,34,2005-03-03,2019-10-30
2,35,2006-04-06,2019-04-25
2,36,2024-11-01,
2,37,2001-11-13,2012-08-29
2,38,2008-01-31,2013-10-19
2,39,2024-07-30,
2,40,2021-05-25,2022-11-15
2,41,2020-09-13,2023-07-30
2,42,2017-05-09,2023-06-14
2,43,2018-07-08,2024-02-28
2,44,2016-08-24,2020-06-10
2,45,1992-04-18,2013-08-07
2,46,2012-01-21,2015-07-08
2,47,2003-03-11,2022-03-09
2,48,2008-10-03,2018-07-27
2,49,2014-07-16,2020-01-01
2,50,2017-12-29,2023-02-14
2,51,1990-06-11,2000-09-18
2,52,2011-07-05,2013-03-15
2,53,2018-07-23,2024-06-07
2,54,2001-12-04,2017-04-06
2,55,2009-10-12,2022-04-30
2,56,2002-10-09,2008-10-10
2,57,2005-08-26,2014-10-10
2,58,1993-07-10,2021-04-22
2,59,2012-11-04,2022-06-05
2,60,2002-01-11,2021-03-16
2,61,2017-07-02,2019-06-01
2,62,2023-07-03,2024-08-29
2,63,1993-04-26,2012-04-22
2,64,1991-08-13,1997-08-29
2,65,2014-01-05,2024-12-26
2,66,1993-07-11,2010-04-21
2,67,2003-03-19,2015-05-28
2,68,2015-10-30,2017-08-09
2,69,2006-01-12,2019-05-13
2,70,2004-08-08,2011-01-31
2,71,1991-04-15,2006-11-08
2,72,2006-03-03,2023-08-30
2,73,2009-08-25,2022-11-28
2,74,1999-06-27,2002-02-03
2,75,2012-03-14,2019-10-23
2,76,2023-07-13,2024-08-21
2,77,2020-05-09,2024-02-11
2,78,1996-04-15,2024-12-12
2,79,2011-09-19,2018-06-30
2,80,2012-07-11,2021-12-18
2,81,1992-05-01,2020-06-03
2,82,2004-03-13,2013-12-05
2,83,2015-12-17,2024-03-14
2,84,2021-12-30,2023-05-28
2,85,2023-07-16,2024-07-30
2,86,2018-09-03,2021-03-12
2,87,1998-03-20,2016-04-23
2,88,2024-03-10,2025-03-20
2,89,1990-10-07,2001-02-06
2,90,2023-03-16,2024-08-20
2,91,2018-04-28,2024-07-10
2,92,2008-03-29,2013-04-19
2,93,2003-07-21,2014-12-01
2,94,2019-07-10,2023-08-07
2,95,2011-12-09,2020-03-28
2,96,2004-02-20,2008-11-24
2,97,2002-04-05,2023-04-01
2,98,2011-05-08,2019-09-24
2,99,2007-11-15,2011-07-28
2,100,1994-05-10,2024-06-16
3,1,2023-08-17,2024-10-27
3,2,2005-02-25,2006-06-05
3,3,2018-02-21,2020-05-18
3,4,2003-12-16,2006-07-23
3,5,2017-05-14,2018-05-15
3,6,1999-10-27,2024-08-20
3,7,2022-06-24,2024-05-14
3,8,1998-01-27,2021-12-27
3,9,2022-08-02,2025-01-28
3,10,2012-02-01,2023-01-09
3,11,2001-08-04,2015-04-30
3,12,2020-11-04,2024-11-16
3,13,1993-01-06,2017-04-28
3,14,1998-03-30,2024-10-06
3,15,2012-08-09,2024-06-17
3,16,2015-03-16,2020-11-06
3,17,2023-07-22,2024-10-24
3,18,2019-11-28,2021-08-29
3,19,2024-09-11,
3,20,2021-08-16,2024-08-19
3,21,1991-04-24,2007-02-11
3,22,2008-04-23,2016-10-18
3,23,2019-06-09,2020-12-26
3,24,2003-09-12,2021-10-08
3,25,2009-12-15,2017-04-14
3,26,2012-08-02,2021-06-09
3,27,2013-11-19,2018-09-02
3,28,2008-01-03,2010-06-17
3,29,2009-10-16,2020-12-09
3,30,2011-09-29,2020-03-01
3,31,2006-06-08,2013-12-22
3,32,2001-01-11,2009-03-17
3,33,2007-10-06,2016-11-12
3,34,2015-04-08,2019-03-18
3,35,2005-01-12,2021-10-11
3,36,1992-05-31,2010-03-03
3,37,2024-02-11,2025-03-03
3,38,2024-02-19,2025-03-02
3,39,2016-03-21,2019-09-21
3,40,1995-08-29,2014-10-21
3,41,2011-12-19,2016-07-23
3,42,2013-12-04,2025-01-09
3,43,2014-02-24,2022-10-30
3,44,2013-06-26,2020-08-20
3,45,2024-08-17,
3,46,2006-10-26,2012-01-23
3,47,1993-08-02,1999-09-24
3,48,1993-10-21,2000-07-06
3,49,2007-12-17,2021-10-18
3,50,2022-09-02,2024-08-19
3,51,2011-09-14,2024-02-23
3,52,1996-05-11,1997-07-05
3,53,2004-10-01,2017-10-14
3,54,2011-01-14,2022-03-19
3,55,2007-05-19,2020-12-04
3,56,1990-11-28,2017-05-26
3,57,2002-05-17,2015-01-20
3,58,1999-04-03,2021-09-25
3,59,2003-11-20,2024-01-02
3,60,2012-09-09,2025-04-04
3,61,2020-01-16,2021-02-13
3,62,2022-06-14,2023-10-08
3,63,2023-07-24,2024-11-23
3,64,1996-02-25,2013-04-06
3,65,1992-12-30,2015-09-07
3,66,2019-10-01,2023-05-30
3,67,2001-09-20,2019-01-16
3,68,2000-09-12,2024-08-25
3,69,2011-06-15,2019-12-21
3,70,2009-01-05,2014-06-30
3,71,2019-08-07,2020-08-23
3,72,2003-03-03,2024-07-23
3,73,2024-08-03,
3,74,2009-11-09,2020-01-28
3,75,2002-05-27,2014-02-06
3,76,2013-04-19,2021-07-23
3,77,2002-07-02,2018-08-02
3,78,1995-09-01,1999-04-24
3,79,1994-01-19,1997-11-22
3,80,2020-06-09,2025-04-11
3,81,2022-08-20,2024-03-21
3,82,2014-09-23,2016-08-26
3,83,2011-04-29,2016-09-08
3,84,2013-08-18,2022-07-08
3,85,2019-11-21,2021-03-22
3,86,2021-09-18,2024-09-21
3,87,1992-01-22,2021-10-06
3,88,2015-06-10,2019-07-01
3,89,1997-05-07,2007-09-04
3,90,2019-06-27,2021-06-02
3,91,2016-10-09,2022-10-17
3,92,1999-08-07,2010-08-07
3,93,2011-07-27,2025-02-02
3,94,2013-07-18,2024-06-29
3,95,2014-03-29,2016-03-24
3,96,2000-07-15,2019-03-15
3,97,2021-04-17,2023-07-29
3,98,2020-04-21,2021-08-09
3,99,2012-12-22,2020-01-28
3,100,2007-01-08,2020-10-13
4,1,2006-12-07,2008-05-28
4,2,1994-12-23,2007-09-02
4,3,2023-12-15,2025-04-07
4,4,2022-10-31,2025-04-02
4,5,2002-11-11,2011-06-10
4,6,2007-03-17,2020-12-17
4,7,2022-08-11,2024-01-17
4,8,2009-06-03,2010-08-17
4,9,2005-07-29,2007-02-24
4,10,2008-06-02,2020-10-04
4,11,2024-06-04,
4,12,2000-10-03,2006-05-21
4,13,1999-07-11,2003-08-20
4,14,2015-11-29,2019-08-26
4,15,2015-01-06,2019-09-09
4,16,2017-07-07,2022-10-12
4,17,1997-08-20,2002-07-21
4,18,2024-03-30,2025-04-06
4,19,1999-10-31,2007-07-18
4,20,1993-10-16,2023-12-04
4,21,1991-03-07,1998-11-02
4,22,2005-09-13,2018-03-30
4,23,2011-12-04,2020-01-02
4,24,2025-03-10,
4,25,2003-07-25,2009-06-20
4,26,2014-04-09,2021-03-29
4,27,2023-02-26,2024-05-01
4,28,2012-05-17,2014-01-13
4,29,2019-10-05,2022-01-04
4,30,2007-11-10,2023-08-22
4,31,1995-12-05,2011-02-07
4,32,1998-10-03,2014-05-28
4,33,2022-08-18,2024-09-09
4,34,1992-09-30,2016-09-16
4,35,2017-04-02,2020-02-01
4,36,2009-10-07,2023-08-03
4,37,2022-05-16,2024-12-22
4,38,2005-03-18,2017-08-02
4,39,2010-09-20,2012-10-14
4,40,2019-09-29,2020-12-04
4,41,2014-05-17,2015-07-28
4,42,1991-08-20,2009-09-10
4,43,2013-12-20,2021-06-10
4,44,2012-11-02,2019-07-06
4,45,2013-05-08,2024-12-31
4,46,1998-01-10,2005-08-17
4,47,2024-11-14,
4,48,1996-11-26,2016-04-21
4,49,2014-09-27,2022-10-23
4,50,1993-04-30,2008-12-28
4,51,2011-06-04,2023-12-12
4,52,1993-07-18,2003-11-25
4,53,1991-03-09,2022-07-15
4,54,1994-04-16,2006-09-13
4,55,2005-04-11,2024-01-11
4,56,1990-10-26,2002-04-14
4,57,2003-01-09,2005-01-06
4,58,2019-08-10,2023-01-05
4,59,1999-10-12,2001-06-08
4,60,1997-11-14,2002-09-08
4,61,2003-12-15,2018-02-12
4,62,2003-11-16,2017-07-28
4,63,2008-02-24,2013-09-12
4,64,2022-10-19,2024-04-15
4,65,1993-06-02,2018-01-01
4,66,2006-06-23,2007-10-10
4,67,1991-05-11,2012-05-27
4,68,2013-07-06,2019-06-23
4,69,2012-04-18,2018-07-13
4,70,2012-05-09,2024-05-21
4,71,1995-05-13,2022-09-11
4,72,2018-01-13,2019-01-13
4,73,2011-04-18,2019-05-30
4,74,2018-06-27,2019-07-12
4,75,1996-07-31,2023-05-24
4,76,1996-10-13,2003-05-01
4,77,1995-12-19,2018-01-20
4,78,1999-11-11,2002-05-03
4,79,1992-01-09,2020-09-07
4,80,2004-06-02,2020-06-30
4,81,2020-06-04,2024-02-18
4,82,2024-08-27,
4,83,1994-06-11,2022-07-09
4,84,2024-03-29,2025-04-03
4,85,2009-01-30,2021-09-09
4,86,2002-02-01,2017-08-17
4,87,1992-10-10,2007-02-17
4,88,1993-09-20,2022-10-11
4,89,2015-11-07,2022-04-17
4,90,2013-07-05,2023-03-04
4,91,1996-01-19,2015-07-02
4,92,2011-02-22,2019-11-09
4,93,2006-02-01,2009-12-21
4,94,1998-02-15,2024-04-06
4,95,1990-03-01,2008-06-21
4,96,2014-01-22,2015-08-29
4,97,2021-12-02,2023-04-22
4,98,2009-10-02,2018-08-20
4,99,2024-03-03,2025-03-14
4,100,2012-01-02,2018-02-09
5,1,1990-03-25,1995-01-31
5,2,2010-03-17,2016-10-21
5,3,1991-02-09,2006-01-02
5,4,1993-11-13,2007-06-23
5,5,2013-02-19,2020-03-18
5,6,2010-01-27,2014-10-05
5,7,1994-10-31,1999-10-04
5,8,1998-04-22,2015-10-02
5,9,2005-08-15,2013-05-07
5,10,2001-06-09,2016-05-02
5,11,1991-04-21,1994-02-18
5,12,2012-04-30,2019-08-16
5,13,1993-06-10,2001-05-16
5,14,2005-08-09,2019-10-13
5,15,1998-11-23,2003-09-10
5,16,1999-01-02,2021-07-22
5,17,1998-09-02,2009-09-26
5,18,2005-07-13,2025-03-03
5,19,2019-05-12,2025-01-04
5,20,2018-12-19,2022-09-01
5,21,1993-08-20,2002-04-06
5,22,2024-07-17,
5,23,2001-02-04,2014-07-15
5,24,1998-03-15,2011-08-17
5,25,2018-04-29,2022-08-13
5,26,2023-04-23,2025-02-23
5,27,2008-10-11,2018-08-09
5,28,2014-01-31,2019-03-01
5,29,2009-04-10,2016-10-04
5,30,2021-03-06,2022-11-03
5,31,2018-06-26,2024-05-23
5,32,2002-01-28,2011-10-24
5,33,2009-11-30,2015-01-06
5,34,2011-09-02,2013-05-16
5,35,2019-06-07,2023-08-10
5,36,2014-12-18,2021-03-08
5,37,2012-01-30,2023-11-03
5,38,2008-02-20,2017-10-15
5,39,1993-04-13,2001-12-21
5,40,1991-09-16,1999-08-11
5,41,2024-02-04,2025-03-12
5,42,2024-09-21,
5,43,2000-04-21,2011-05-13
5,44,2017-07-29,2020-06-20
5,45,2002-02-14,2018-01-04
5,46,2011-10-25,2013-03-07
5,47,1990-07-10,2018-03-03
5,48,2000-10-08,2003-04-23
5,49,2019-09-09,2021-09-29
5,50,2018-01-29,2024-04-10
5,51,2011-04-07,2021-05-02
5,52,2000-08-20,2012-11-26
5,53,1991-01-25,1994-10-22
5,54,2004-01-18,2011-01-21
5,55,2009-02-25,2023-02-22
5,56,2006-01-16,2015-05-06
5,57,1995-12-28,2004-10-03
5,58,2009-10-26,2014-03-12
5,59,2008-04-20,2011-01-31
5,60,2005-04-18,2023-02-26
5,61,2016-10-08,2019-03-10
5,62,2000-12-02,2012-09-23
5,63,2014-12-31,2023-07-22
5,64,2007-05-21,2020-10-29
5,65,2000-01-21,2017-11-09
5,66,2014-03-20,2018-02-01
5,67,2008-02-07,2014-10-15
5,68,2024-01-29,2025-03-04
5,69,2005-09-25,2017-11-18
5,70,2019-10-29,2023-09-11
5,71,2016-02-01,2017-09-04
5,72,2021-08-16,2024-09-22
5,73,1992-07-28,2002-05-05
5,74,1994-05-09,2023-11-26
5,75,2000-10-26,2012-07-29
5,76,2023-11-05,2024-11-05
5,77,2000-03-01,2016-07-09
5,78,1996-04-10,2023-01-04
5,79,1991-09-30,2000-03-17
5,80,1997-11-07,2022-10-01
5,81,2002-01-11,2004-03-03
5,82,2008-12-13,2018-12-21
5,83,2009-09-12,2018-01-06
5,84,2003-09-25,2024-09-18
5,85,1991-04-10,2009-03-15
5,86,2000-08-17,2012-05-14
5,87,2020-01-24,2021-09-14
5,88,2012-08-24,2014-02-14
5,89,1995-10-17,2004-03-08
5,90,2001-02-02,2006-12-13
5,91,2010-04-24,2012-06-16
5,92,2022-01-16,2024-06-14
5,93,2002-10-22,2010-03-29
5,94,2023-04-11,2024-09-10
5,95,2022-06-20,2024-04-25
5,96,2010-05-07,2013-01-01
5,97,2016-05-04,2019-04-11
5,98,1998-11-12,2004-09-02
5,99,1999-06-07,2015-04-24
5,100,1997-09-18,2008-04-30
6,1,2011-09-18,2015-02-06
6,2,2000-08-30,2017-10-23
6,3,1995-10-13,2005-09-29
6,4,1997-08-15,2018-07-26
6,5,2018-11-17,2022-07-02
6,6,2013-07-17,2015-04-30
6,7,2003-07-14,2021-12-22
6,8,2003-12-20,2025-03-18
6,9,2013-02-11,2016-01-26
6,10,2016-12-29,2022-02-26
6,11,2014-10-20,2021-08-22
6,12,2022-10-21,2023-11-04
6,13,1999-06-06,2023-05-09
6,14,2002-10-02,2014-08-17
6,15,1999-07-09,2021-05-01
6,16,2019-04-01,2023-05-29
6,17,2008-03-15,2022-07-31
6,18,2021-06-17,2022-07-12
6,19,2016-06-05,2023-03-17
6,20,2015-01-25,2023-09-04
6,21,1991-03-15,2014-06-18
6,22,2012-06-17,2024-09-22
6,23,2012-02-18,2017-09-15
6,24,2011-11-17,2017-10-12
6,25,2003-02-23,2004-10-28
6,26,2010-12-17,2014-10-23
6,27,2008-07-11,2015-10-07
6,28,1994-08-19,2011-07-23
6,29,1998-12-12,2013-02-15
6,30,2005-10-27,2013-10-22
6,31,1991-02-08,2000-12-14
6,32,2008-11-29,2013-11-18
6,33,2016-12-25,2018-02-18
6,34,2010-06-07,2013-09-24
6,35,1995-04-16,2009-11-27
6,36,2018-06-26,2023-01-22
6,37,1993-01-05,1999-02-07
6,38,2025-02-17,
6,39,2011-02-20,2020-08-07
6,40,2021-07-25,2024-10-25
6,41,2021-06-01,2022-11-06
6,42,2021-04-09,2024-01-20
6,43,1996-10-19,2017-09-20
6,44,1998-07-02,2018-09-08
6,45,2020-11-13,2022-04-04
6,46,2017-11-25,2019-06-03
6,47,2011-03-30,2024-12-31
6,48,2011-03-30,2017-08-30
6,49,2001-12-27,2015-05-29
6,50,2011-03-03,2019-11-12
6,51,1997-02-12,2010-02-20
6,52,2011-05-27,2016-10-28
6,53,2019-05-25,2022-10-12
6,54,2008-05-28,2023-08-27
6,55,2015-12-03,2018-09-11
6,56,1994-08-31,2022-02-17
6,57,2007-12-26,2014-06-28
6,58,1990-06-30,1992-08-11
6,59,2003-12-01,2009-06-06
6,60,2004-07-26,2009-05-19
6,61,1999-09-19,2011-04-28
6,62,2008-04-25,2014-09-25
6,63,2022-01-12,2023-02-03
6,64,2010-04-13,2012-08-08
6,65,2020-08-23,2022-10-23
6,66,1992-10-22,2000-08-27
6,67,1997-04-28,2022-04-11
6,68,2018-06-12,2023-07-17
6,69,2019-12-24,2022-10-06
6,70,2008-01-03,2025-03-07
6,71,2001-10-20,2015-11-13
6,72,2015-07-06,2020-02-08
6,73,2007-03-30,2011-09-27
6,74,2020-03-19,2024-07-07
6,75,2024-08-16,
6,76,1993-03-21,2021-03-14
6,77,2010-05-31,2020-12-24
6,78,2020-11-29,2024-05-07
6,79,2003-07-31,2017-05-16
6,80,1999-02-20,2000-12-17
6,81,2002-03-20,2023-08-04
6,82,1990-06-23,2018-02-18
6,83,2007-07-04,2018-09-18
6,84,1998-08-24,2008-07-21
6,85,1994-08-27,2015-12-31
6,86,1997-09-08,2019-10-05
6,87,1999-04-06,2001-02-28
6,88,1995-01-11,2009-06-12
6,89,2001-03-14,2003-07-13
6,90,2009-12-25,2018-03-28
6,91,2014-06-23,2016-11-10
6,92,1999-05-23,2015-12-10
6,93,2020-07-30,2022-08-14
6,94,2003-06-11,2022-08-20
6,95,2015-05-22,2019-02-18
6,96,2016-01-05,2018-04-08
6,97,2011-06-16,2024-11-07
6,98,2000-01-19,2007-05-30
6,99,2007-10-29,2015-06-10
6,100,2016-05-10,2024-09-13
7,1,1994-07-27,2009-04-06
7,2,2000-02-16,2009-02-17
7,3,1992-02-05,2011-08-22
7,4,2007-01-12,2021-11-21
7,5,2003-03-21,2008-12-20
7,6,1994-06-03,2015-10-17
7,7,2012-09-19,2023-10-03
7,8,2002-08-09,2018-09-03
7,9,2016-05-15,2019-01-13
7,10,1993-08-13,2005-03-13
7,11,2002-08-09,2010-10-10
7,12,2002-09-24,2005-09-01
7,13,2004-09-23,2022-07-03
7,14,2023-12-31,2025-03-17
7,15,1995-04-11,2002-10-09
7,16,2021-12-30,2025-04-12
7,17,1998-09-28,2002-07-25
7,18,2000-01-23,2015-11-10
7,19,2012-09-16,2022-01-08
7,20,2008-02-18,2015-07-18
7,21,2021-03-03,2023-12-19
7,22,1990-10-31,2001-12-27
7,23,1999-11-24,2014-09-26
7,24,2022-05-22,2024-09-15
7,25,2016-05-18,2022-06-21
7,26,1995-12-03,2021-03-24
7,27,2000-01-21,2017-01-28
7,28,2020-04-09,2024-11-10
7,29,2006-01-29,2010-02-21
7,30,2017-05-30,2022-11-15
7,31,2015-10-22,2024-09-16
7,32,1994-07-21,2004-10-06
7,33,1997-10-03,2015-08-25
7,34,2000-08-06,2009-07-11
7,35,2011-11-13,2013-08-12
7,36,1990-08-04,2005-11-07
7,37,2022-09-22,2024-12-10
7,38,1999-01-31,2015-04-14
7,39,1998-12-06,2014-06-03
7,40,1991-07-26,2003-02-12
7,41,2007-03-30,2022-08-23
7,42,1990-09-14,2021-02-14
7,43,1994-08-08,2008-11-03
7,44,1991-05-08,1999-03-13
7,45,2010-05-05,2012-07-13
7,46,2003-07-17,2023-12-01
7,47,1993-03-25,2017-10-28
7,48,2021-10-22,2023-06-25
7,49,1993-09-13,2022-06-06
7,50,2015-02-09,2020-11-15
7,51,2000-04-05,2010-04-18
7,52,2000-07-06,2009-12-15
7,53,1998-08-27,2019-01-24
7,54,2013-04-24,2017-11-26
7,55,2008-04-05,2010-08-10
7,56,2007-11-23,2015-09-06
7,57,1999-02-21,2021-01-21
7,58,2023-06-24,2024-12-23
7,59,2007-04-19,2011-03-21
7,60,2010-07-31,2025-03-07
7,61,2019-06-02,2021-05-03
7,62,2001-07-16,2024-07-23
7,63,2017-04-24,2023-08-11
7,64,2013-05-31,2015-07-27
7,65,1992-07-09,2010-09-14
7,66,1996-05-19,2015-04-27
7,67,2000-10-04,2004-10-06
7,68,2024-05-15,
7,69,1991-11-07,2020-02-26
7,70,1995-12-12,2015-07-30
7,71,2006-06-23,2024-11-21
7,72,2013-02-13,2022-03-28
7,73,2008-05-31,2025-03-25
7,74,1991-04-20,1999-09-10
7,75,2012-04-26,2025-04-06
7,76,2024-09-10,
7,77,1991-03-13,2003-05-06
7,78,2024-01-17,2025-02-15
7,79,2023-02-20,2025-01-24
7,80,2011-02-10,2021-06-08
7,81,2025-02-25,
7,82,1993-09-27,2023-12-13
7,83,2006-01-12,2008-05-26
7,84,2015-07-04,2023-12-08
7,85,2005-01-11,2015-01-29
7,86,2002-08-19,2011-08-13
7,87,2015-07-13,2021-12-30
7,88,1990-01-08,2023-11-11
7,89,2003-06-25,2008-05-16
7,90,2009-01-16,2013-11-16
7,91,2014-05-12,2023-06-25
7,92,1996-10-03,2009-06-04
7,93,1995-06-21,2011-09-16
7,94,2017-07-04,2023-07-19
7,95,1995-01-26,2007-07-07
7,96,2018-03-28,2022-03-02
7,97,2020-10-30,2021-11-15
7,98,1995-08-13,1997-03-09
7,99,1992-08-13,2024-03-17
7,100,2001-07-02,2013-12-02
8,1,2015-04-28,2016-12-28
8,2,2006-09-03,2011-06-21
8,3,2016-01-04,2022-10-02
8,4,1999-06-14,2018-07-14
8,5,2000-04-11,2007-11-17
8,6,2003-08-25,2009-03-06
8,7,1994-05-06,2023-03-18
8,8,2008-09-27,2023-04-09
8,9,1998-08-03,2010-04-29
8,10,2018-01-02,2020-12-21
8,11,2010-03-07,2018-01-20
8,12,1999-03-07,2023-06-14
8,13,2024-11-15,
8,14,1991-01-02,1998-08-20
8,15,2025-04-09,
8,16,1991-07-03,2011-05-29
8,17,2008-12-26,2014-09-16
8,18,2019-05-20,2025-02-18
8,19,1999-07-28,2005-03-03
8,20,1995-08-12,2010-09-02
8,21,2005-11-18,2019-11-13
8,22,1996-05-05,2024-10-03
8,23,2022-05-15,2023-11-10
8,24,2016-11-12,2019-12-16
8,25,2011-09-15,2017-01-03
8,26,1990-05-01,2015-07-27
8,27,2004-12-18,2020-08-17
8,28,2002-03-25,2005-09-03
8,29,2008-09-26,2010-07-14
8,30,1995-11-04,2022-09-07
8,31,2011-06-15,2014-02-23
8,32,1990-11-22,2011-08-31
8,33,2022-11-24,2024-05-25
8,34,2016-01-16,2023-04-09
8,35,2000-09-21,2011-11-10
8,36,1994-02-19,2008-07-29
8,37,2019-01-31,2023-03-18
8,38,2017-07-17,2020-07-18
8,39,2003-02-09,2009-03-22
8,40,1994-11-10,2023-04-20
8,41,2020-04-05,2021-06-10
8,42,2021-11-03,2024-04-08
8,43,1992-03-10,2003-06-16
8,44,2019-04-11,2021-03-16
8,45,1999-06-21,2022-06-16
8,46,1994-04-26,2004-03-04
8,47,1991-10-14,2010-01-12
8,48,2010-07-22,2013-05-23
8,49,1999-01-01,2005-03-22
8,50,1999-12-23,2018-11-12
8,51,2019-08-22,2024-06-09
8,52,1995-08-26,2007-03-11
8,53,1996-02-15,2001-02-03
8,54,1991-01-28,2003-03-21
8,55,1997-05-07,2000-01-05
8,56,2016-08-07,2021-08-24
8,57,2024-11-05,
8,58,2013-05-23,2019-11-11
8,59,1991-10-03,2024-02-10
8,60,2002-02-15,2023-02-09
8,61,2016-02-17,2022-10-28
8,62,2007-06-16,2022-10-25
8,63,2007-12-29,2011-10-03
8,64,2017-11-11,2020-01-14
8,65,2021-07-26,2024-05-22
8,66,2021-11-30,2024-10-26
8,67,2010-08-21,2014-03-18
8,68,2012-06-25,2015-09-13
8,69,2010-05-07,2024-09-24
8,70,2004-08-30,2017-07-27
8,71,2002-10-04,2012-10-24
8,72,2014-11-28,2021-12-10
8,73,2015-09-19,2017-12-27
8,74,2009-06-12,2020-02-16
8,75,2006-08-24,2019-09-20
8,76,2005-06-05,2012-11-20
8,77,2013-01-19,2014-10-10
8,78,1995-10-29,1996-11-30
8,79,1995-05-04,2018-12-07
8,80,2019-06-28,2024-07-27
8,81,2013-03-30,2014-06-20
8,82,1996-07-29,2013-03-09
8,83,2005-11-15,2020-04-10
8,84,2017-10-22,2024-07-02
8,85,1994-04-11,1995-08-20
8,86,2009-07-28,2021-02-12
8,87,2017-06-02,2025-03-23
8,88,2021-12-26,2023-03-16
8,89,1990-04-10,2019-07-23
8,90,1996-02-02,2023-09-07
8,91,2015-12-30,2020-09-14
8,92,2016-05-22,2018-03-02
8,93,1990-10-31,2008-09-16
8,94,2001-01-31,2014-06-08
8,95,1998-03-28,2015-10-07
8,96,2013-08-29,2022-03-31
8,97,1993-05-22,1999-04-24
8,98,1998-12-16,2009-08-16
8,99,2017-11-07,2021-08-21
8,100,2010-10-28,2022-06-25
9,1,1997-10-17,2008-10-26
9,2,2013-04-27,2019-12-07
9,3,2004-05-10,2021-05-03
9,4,1990-11-06,1994-11-21
9,5,2005-06-01,2016-11-20
9,6,2014-01-06,2021-08-23
9,7,2012-04-10,2017-09-02
9,8,2006-05-18,2022-02-06
9,9,2017-05-24,2023-02-12
9,10,2008-07-12,2011-03-11
9,11,2023-11-24,2025-03-23
9,12,2013-07-15,2023-12-17
9,13,2004-11-05,2021-07-17
9,14,2009-10-19,2019-04-10
9,15,2010-07-06,2015-05-22
9,16,2020-09-19,2022-07-14
9,17,2023-04-28,2025-01-22
9,18,2015-07-04,2025-01-09
9,19,1992-06-15,2023-05-31
9,20,1997-12-17,2024-09-20
9,21,2011-08-15,2013-06-25
9,22,2016-05-25,2017-10-29
9,23,2023-10-21,2024-11-28
9,24,2004-07-25,2008-09-27
9,25,2023-12-03,2025-01-21
9,26,2020-10-19,2025-01-22
9,27,1995-05-12,2001-01-10
9,28,2010-09-01,2022-09-26
9,29,2024-10-01,
9,30,1992-01-22,2016-12-09
9,31,2016-02-10,2018-09-23
9,32,2008-07-20,2011-03-13
9,33,2017-12-16,2019-11-29
9,34,2006-02-13,2020-09-30
9,35,2017-07-31,2022-03-05
9,36,2018-09-28,2021-04-22
9,37,1994-12-02,2001-08-21
9,38,1997-08-06,2021-02-14
9,39,2011-04-27,2013-06-13
9,40,1999-09-19,2005-02-27
9,41,2014-08-18,2016-12-19
9,42,2022-08-26,2023-09-10
9,43,2021-07-20,2024-02-21
9,44,2024-10-25,
9,45,1997-11-13,2003-05-29
9,46,2008-09-06,2012-09-13
9,47,2011-11-17,2014-03-11
9,48,2005-09-03,2010-10-22
9,49,2023-09-10,2025-01-31
9,50,2015-07-08,2022-03-19
9,51,2006-05-19,2023-03-17
9,52,2014-11-11,2018-06-25
9,53,2002-05-16,2014-07-31
9,54,2013-07-19,2019-08-30
9,55,2003-06-01,2022-11-28
9,56,2015-11-22,2022-07-24
9,57,1991-01-14,2024-04-22
9,58,2015-02-04,2019-04-20
9,59,1990-12-28,1993-07-30
9,60,2009-08-07,2018-04-12
9,61,2007-09-23,2022-10-09
9,62,2002-04-13,2019-04-19
9,63,1998-08-01,2005-05-09
9,64,2021-02-04,2024-08-18
9,65,1995-03-14,2013-07-04
9,66,2024-06-05,
9,67,2016-05-18,2019-11-06
9,68,2012-11-23,2022-07-01
9,69,2009-01-15,2011-06-25
9,70,2023-04-26,2024-12-25
9,71,2014-01-10,2024-11-17
9,72,1998-11-01,2021-07-11
9,73,2003-05-08,2009-04-27
9,74,2013-05-07,2017-06-10
9,75,2023-10-16,2025-02-09
9,76,2005-10-26,2015-12-20
9,77,1992-01-13,2011-08-06
9,78,2020-06-29,2021-11-17
9,79,1995-12-30,2012-12-18
9,80,2002-01-28,2023-01-28
9,81,1996-03-25,2011-02-22
9,82,2002-06-21,2018-06-09
9,83,2025-03-27,
9,84,2023-08-25,2025-02-13
9,85,1993-08-30,2016-07-21
9,86,2006-08-26,2008-10-21
9,87,2021-06-20,2024-11-09
9,88,1996-08-10,2014-05-05
9,89,2011-11-12,2013-06-19
9,90,2020-09-20,2022-12-25
9,91,1992-11-23,2006-12-11
9,92,2003-08-03,2008-09-25
9,93,1996-03-03,2023-07-30
9,94,2005-10-02,2013-01-09
9,95,1998-05-21,2003-03-02
9,96,2001-11-25,2024-05-26
9,97,1990-01-21,1993-05-09
9,98,2022-11-29,2024-06-23
9,99,2003-08-02,2017-02-18
9,100,2024-12-08,
10,1,2006-04-15,2007-10-26
10,2,1991-09-07,2021-07-23
10,3,2003-12-07,2006-03-10
10,4,2016-03-08,2022-07-16
10,5,1999-06-22,2021-11-20
10,6,2010-03-19,2021-03-21
10,7,2018-04-02,2019-10-14
10,8,2013-06-26,2015-11-29
10,9,2011-03-05,2016-06-15
10,10,2001-07-10,2007-06-09
10,11,2015-06-20,2021-11-29
10,12,2004-11-06,2007-09-06
10,13,2014-10-06,2024-12-18
10,14,2008-06-23,2024-07-17
10,15,1994-06-14,2012-01-29
10,16,2023-07-27,2024-11-29
10,17,2012-02-12,2016-06-23
10,18,1990-05-02,2016-11-18
10,19,1990-09-20,2010-07-29
10,20,1998-12-31,2020-09-18
10,21,2010-05-25,2018-03-27
10,22,1991-03-01,1996-08-07
10,23,2015-11-03,2022-12-11
10,24,2000-05-24,2022-07-08
10,25,1997-02-27,2019-09-09
10,26,2012-02-01,2017-09-12
10,27,2018-09-23,2023-05-01
10,28,2016-03-24,2020-11-16
10,29,2012-01-28,2023-01-12
10,30,2005-08-30,2020-03-30
10,31,2003-09-10,2010-01-01
10,32,2001-12-26,2014-08-12
10,33,2001-09-06,2012-03-15
10,34,1993-10-18,2007-10-28
10,35,2024-10-12,
10,36,2002-02-27,2018-07-13
10,37,2024-11-26,
10,38,1991-02-27,1993-03-11
10,39,1997-01-20,1999-04-30
10,40,2018-10-15,2024-05-11
10,41,2012-05-21,2017-05-15
10,42,2007-09-23,2024-04-09
10,43,2013-11-06,2021-03-15
10,44,2012-03-19,2020-02-12
10,45,2005-11-14,2022-03-31
10,46,2022-11-28,2025-04-06
10,47,2021-06-12,2023-11-29
10,48,1999-09-30,2000-10-08
10,49,2004-02-26,2009-05-09
10,50,1991-06-25,2019-04-10
10,51,2005-12-09,2022-08-22
10,52,2003-02-07,2010-06-23
10,53,1997-10-11,1999-11-14
10,54,1992-07-02,2014-01-03
10,55,2005-11-02,2021-03-24
10,56,2003-10-22,2017-05-02
10,57,2012-04-29,2017-06-15
10,58,2006-11-17,2022-05-12
10,59,2004-06-08,2010-07-22
10,60,2013-10-08,2022-04-29
10,61,2022-06-11,2024-07-20
10,62,1997-01-21,2024-11-25
10,63,2019-11-04,2022-01-08
10,64,1996-10-04,2025-03-28
10,65,2002-07-21,2022-06-19
10,66,1991-04-17,2021-04-24
10,67,2003-10-13,2022-08-24
10,68,2008-04-29,2020-10-18
10,69,2023-09-16,2025-03-15
10,70,2018-07-23,2024-04-02
10,71,2000-11-14,2023-01-13
10,72,2022-09-23,2025-02-11
10,73,1997-02-10,2003-10-10
10,74,2001-05-13,2018-11-25
10,75,2021-10-10,2023-11-29
10,76,2005-06-23,2018-05-29
10,77,2015-02-06,2021-01-14
10,78,1997-12-23,2016-12-14
10,79,2005-07-10,2025-03-23
10,80,1994-01-04,1999-04-26
10,81,2007-01-04,2021-11-18
10,82,2014-07-10,2019-06-15
10,83,1997-10-15,2005-07-21
10,84,2018-09-11,2024-05-20
10,85,1991-04-15,2009-09-25
10,86,2011-05-16,2024-12-16
10,87,2001-08-07,2012-04-07
10,88,2011-01-27,2013-02-13
10,89,2012-02-26,2017-09-08
10,90,1996-09-29,2016-07-30
10,91,2021-04-30,2025-01-12
10,92,2022-01-16,2023-09-08
10,93,2009-04-13,2023-02-15
10,94,1999-09-10,2008-01-13
10,95,1997-07-24,2021-05-26
10,96,2001-09-11,2023-12-06
10,97,2005-07-15,2024-05-25
10,98,1991-10-02,1994-12-24
10,99,2002-08-23,2021-01-03
10,100,2011-04-17,2016-02-06
11,1,2020-10-26,2022-08-29
11,2,1997-09-09,2003-04-25
11,3,2017-09-12,2019-08-21
11,4,2006-08-26,2010-05-01
11,5,2003-04-15,2007-10-21
11,6,1996-07-23,2002-09-20
11,7,2022-12-31,2024-02-15
11,8,1995-05-10,2006-05-07
11,9,2010-07-19,2023-08-14
11,10,1999-08-14,2001-04-04
11,11,2004-03-19,2005-11-18
11,12,2014-12-01,2016-10-04
11,13,2022-04-29,2023-09-21
11,14,2020-06-23,2023-12-24
11,15,1990-03-10,2003-01-24
11,16,2010-12-07,2017-11-03
11,17,1998-03-01,2003-01-10
11,18,2023-04-05,2024-09-03
11,19,2015-01-05,2023-12-09
11,20,1999-08-11,2013-10-03
11,21,2001-07-24,2024-06-21
11,22,2007-12-20,2017-11-02
11,23,1997-08-08,2002-03-06
11,24,1990-08-16,2008-10-21
11,25,2009-07-01,2016-03-26
11,26,1991-10-09,2001-03-09
11,27,1991-01-07,2005-09-16
11,28,2011-04-15,2017-09-24
11,29,2007-03-18,2018-03-26
11,30,2006-08-01,2012-04-02
11,31,2022-06-11,2025-03-25
11,32,2004-02-03,2023-01-27
11,33,2022-06-24,2024-04-11
11,34,1997-04-07,2018-05-03
11,35,2006-10-01,2010-01-02
11,36,2019-02-26,2024-09-23
11,37,2006-11-21,2019-08-05
11,38,2021-10-21,2024-03-12
11,39,1998-04-21,2010-02-07
11,40,2011-10-21,2020-07-28
11,41,2009-01-28,2021-12-16
11,42,2005-12-10,2016-02-21
11,43,1995-02-10,1997-04-10
11,44,1992-09-20,2020-03-19
11,45,2012-02-12,2020-01-23
11,46,2006-01-03,2018-06-03
11,47,2000-06-02,2019-04-16
11,48,2007-11-19,2022-07-05
11,49,2000-11-11,2016-09-27
11,50,2007-09-26,2019-07-18
11,51,1997-09-28,2021-10-03
11,52,2023-05-22,2024-06-18
11,53,2005-08-31,2017-08-06
11,54,2013-12-15,2025-03-19
11,55,2002-05-19,2022-02-12
11,56,2013-01-27,2024-12-22
11,57,2016-02-25,2024-05-06
11,58,2013-04-18,2021-07-26
11,59,1992-03-27,2018-11-20
11,60,2013-06-11,2023-01-08
11,61,2016-10-28,2021-12-13
11,62,1999-05-05,2018-01-04
11,63,2021-10-06,2024-09-06
11,64,1995-05-19,2008-01-29
11,65,2003-12-26,2005-02-13
11,66,2021-04-05,2024-07-12
11,67,2002-07-12,2012-01-21
11,68,2011-06-12,2020-08-10
11,69,1992-07-16,2009-07-07
11,70,1999-04-14,2007-05-28
11,71,2024-01-02,2025-01-03
11,72,2016-05-11,2019-04-03
11,73,2021-07-02,2024-07-01
11,74,2023-10-30,2025-02-26
11,75,2000-09-03,2023-03-22
11,76,2009-01-10,2014-12-29
11,77,2019-12-24,2023-01-15
11,78,2008-01-26,2012-10-21
11,79,1999-06-16,2021-10-07
11,80,2000-03-01,2023-06-08
11,81,2005-02-01,2013-08-08
11,82,2021-04-16,2023-09-24
11,83,2022-06-15,2023-11-19
11,84,2021-11-30,2025-03-12
11,85,1998-04-19,2017-02-12
11,86,2016-07-31,2018-05-16
11,87,2002-03-22,2010-12-01
11,88,2003-11-15,2015-08-16
11,89,1994-04-17,2020-02-10
11,90,1999-10-08,2004-11-23
11,91,2019-09-04,2024-02-24
11,92,1991-11-02,2005-04-14
11,93,2016-01-15,2022-12-26
11,94,2012-07-03,2021-06-28
11,95,2023-01-19,2024-05-18
11,96,1999-12-31,2019-12-19
11,97,2020-09-26,2025-01-13
11,98,1993-03-29,2003-08-31
11,99,1999-10-20,2007-11-15
11,100,1994-02-16,1995-10-26
12,1,2001-07-14,2021-12-25
12,2,2001-06-12,2022-04-28
12,3,2020-02-03,2021-10-30
12,4,1997-05-27,2021-09-20
12,5,2003-01-30,2007-03-19
12,6,2015-09-28,2021-03-26
12,7,1999-07-04,2001-07-28
12,8,2005-05-04,2020-08-09
12,9,2002-07-18,2023-10-24
12,10,2004-05-06,2010-05-27
12,11,2001-03-03,2008-10-14
12,12,2007-12-30,2017-03-28
12,13,2018-04-25,2022-12-04
12,14,2003-08-10,2019-02-04
12,15,1994-01-20,2019-09-28
12,16,2000-10-09,2017-10-07
12,17,2005-10-22,2017-05-01
12,18,2014-05-30,2024-02-18
12,19,1994-10-20,2005-06-03
12,20,2010-05-21,2023-01-06
12,21,2010-09-07,2013-04-07
12,22,2008-05-10,2021-09-05
12,23,2014-02-03,2015-03-18
12,24,2016-04-13,2019-03-28
12,25,1999-06-30,2014-07-21
12,26,2013-10-25,2017-07-05
12,27,2010-10-26,2014-11-15
12,28,2022-06-17,2024-04-01
12,29,1994-08-28,2005-05-15
12,30,2018-04-10,2021-12-16
12,31,2002-12-05,2012-12-31
12,32,1995-06-29,2012-09-16
12,33,2011-07-31,2019-08-08
12,34,2003-09-27,2017-11-29
12,35,2010-09-07,2016-12-06
12,36,1992-02-03,2009-01-01
12,37,1994-03-12,2020-09-28
12,38,1995-11-29,2000-07-09
12,39,1995-11-27,1998-10-04
12,40,2006-04-14,2010-03-24
12,41,1994-04-09,2014-12-18
12,42,2018-03-07,2019-07-21
12,43,2018-10-11,2021-07-27
12,44,2024-08-12,
12,45,2008-02-28,2020-07-29
12,46,2013-09-07,2015-10-26
12,47,2005-12-31,2024-12-25
12,48,2000-05-02,2014-02-06
12,49,2015-05-22,2024-09-12
12,50,2016-08-18,2021-11-07
12,51,2019-08-13,2021-04-27
12,52,2003-04-12,2023-09-28
12,53,2023-05-29,2025-01-21
12,54,2023-11-02,2024-12-11
12,55,2006-06-24,2013-04-08
12,56,2003-08-08,2018-05-25
12,57,2006-06-23,2009-08-21
12,58,1992-04-11,1998-08-15
12,59,1990-08-18,2009-04-29
12,60,1999-08-17,2004-05-03
12,61,2006-12-19,2011-01-28
12,62,1992-03-15,2013-05-31
12,63,1996-11-19,2021-07-27
12,64,2025-02-01,
12,65,1990-01-26,2018-08-24
12,66,2003-11-07,2008-01-22
12,67,2012-01-27,2015-04-14
12,68,2021-02-23,2023-10-24
12,69,2019-04-05,2023-11-20
12,70,2000-01-15,2005-04-03
12,71,2017-04-14,2019-10-05
12,72,2016-05-02,2023-06-19
12,73,2005-02-11,2011-03-16
12,74,1995-01-02,1998-10-11
12,75,1996-02-17,2002-04-22
12,76,2000-05-08,2013-02-06
12,77,2014-05-27,2022-02-26
12,78,2002-08-21,2011-05-21
12,79,2017-03-07,2023-03-15
12,80,2007-04-15,2022-03-09
12,81,1992-04-10,1995-11-18
12,82,2021-04-19,2025-02-19
12,83,2014-04-01,2022-04-27
12,84,2006-11-11,2016-01-19
12,85,2013-10-04,2022-03-03
12,86,2017-07-18,2024-10-06
12,87,2009-06-18,2013-12-29
12,88,2013-10-11,2016-12-10
12,89,2006-04-03,2010-07-09
12,90,2014-06-24,2018-10-04
12,91,1998-05-21,2012-01-09
12,92,2016-05-17,2024-02-29
12,93,2016-04-27,2024-02-08
12,94,2018-07-08,2020-02-11
12,95,1993-01-19,2012-01-15
12,96,2017-08-26,2023-10-01
12,97,1996-11-27,2024-12-25
12,98,2013-10-31,2018-03-26
12,99,2002-05-08,2010-09-14
12,100,2010-03-06,2018-02-11
13,1,2002-01-24,2006-04-03
13,2,1994-08-28,2011-01-26
13,3,2022-04-26,2023-07-25
13,4,2010-04-18,2025-04-08
13,5,2024-12-01,
13,6,2016-10-12,2023-09-30
13,7,1997-05-22,2019-05-02
13,8,2010-07-14,2022-03-27
13,9,2022-10-17,2024-10-07
13,10,2006-11-17,2019-04-21
13,11,2018-06-14,2021-12-04
13,12,2007-04-26,2020-03-22
13,13,2023-02-21,2024-09-22
13,14,1995-09-09,2006-10-05
13,15,2019-12-02,2024-08-09
13,16,2016-05-19,2025-03-30
13,17,2022-05-25,2023-07-06
13,18,2018-08-27,2020-08-23
13,19,2005-01-22,2015-03-26
13,20,2016-06-03,2024-12-29
13,21,2008-04-11,2014-01-26
13,22,2007-07-10,2010-10-02
13,23,2022-02-26,2023-03-11
13,24,2001-04-13,2004-08-18
13,25,2009-07-07,2017-09-05
13,26,1998-05-04,2017-05-10
13,27,2019-08-27,2024-11-30
13,28,2018-06-20,2024-02-16
13,29,2020-08-27,2023-12-19
13,30,1995-01-04,2022-03-10
13,31,2025-03-18,
13,32,2005-07-25,2017-07-15
13,33,1991-04-02,2023-05-06
13,34,1997-11-01,2009-12-11
13,35,2014-10-24,2024-08-15
13,36,1997-03-21,2003-05-26
13,37,2009-12-19,2012-06-07
13,38,2009-04-12,2021-03-12
13,39,2016-05-28,2023-01-08
13,40,2001-10-04,2005-11-20
13,41,2003-07-02,2022-03-26
13,42,2000-06-30,2009-11-19
13,43,2007-11-03,2018-11-19
13,44,1996-11-04,2005-09-25
13,45,2005-10-11,2018-12-13
13,46,2003-11-04,2019-07-14
13,47,2008-05-28,2011-04-02
13,48,1991-08-03,2022-01-18
13,49,2005-02-10,2022-06-25
13,50,1995-06-27,2009-02-21
13,51,2020-03-22,2024-05-13
13,52,2006-03-15,2021-04-16
13,53,1990-08-16,2000-09-07
13,54,2020-02-21,2024-04-30
13,55,2001-04-03,2013-02-01
13,56,2013-04-05,2024-06-14
13,57,2000-07-21,2016-07-29
13,58,2003-05-22,2007-05-21
13,59,1994-02-01,2003-09-22
13,60,2009-10-19,2017-05-04
13,61,1995-06-07,2006-10-25
13,62,2010-03-29,2024-12-23
13,63,2016-03-27,2020-12-08
13,64,1995-05-11,2016-08-10
13,65,2006-10-05,2020-12-08
13,66,2020-09-27,2024-11-10
13,67,2018-10-22,2022-03-01
13,68,1997-05-04,2007-04-23
13,69,1992-08-01,1994-11-21
13,70,2007-10-28,2023-07-14
13,71,2015-02-02,2024-11-12
13,72,1998-08-11,2006-03-16
13,73,2009-08-10,2010-11-11
13,74,1996-02-07,2005-10-04
13,75,1991-07-31,2017-01-21
13,76,1993-07-07,2022-03-18
13,77,1998-09-03,2003-02-16
13,78,2006-07-22,2016-10-15
13,79,1994-05-17,1998-07-25
13,80,1998-01-16,2011-05-17
13,81,2018-11-12,2023-08-01
13,82,2023-06-16,2024-07-24
13,83,1993-09-18,2025-03-30
13,84,2012-05-13,2015-04-15
13,85,2010-07-11,2014-06-26
13,86,1990-08-11,2000-03-02
13,87,1996-10-15,2020-04-08
13,88,2016-06-03,2024-12-07
13,89,2020-08-12,2021-08-24
13,90,2024-01-29,2025-02-24
13,91,1995-01-20,2023-10-07
13,92,2010-01-30,2021-01-12
13,93,2021-07-07,2024-07-28
13,94,2004-08-22,2007-01-22
13,95,2021-10-29,2024-08-16
13,96,2008-06-07,2020-06-30
13,97,2011-10-14,2014-09-22
13,98,1991-05-17,1994-07-18
13,99,1996-04-15,2015-06-20
13,100,2010-09-03,2023-02-12
14,1,2006-03-18,2011-05-11
14,2,2016-07-05,2018-10-28
14,3,2003-12-24,2023-02-01
14,4,1996-02-24,2023-07-19
14,5,2017-08-23,2018-12-08
14,6,2010-10-14,2020-08-20
14,7,1998-05-14,2011-01-02
14,8,2014-11-06,2016-11-19
14,9,2020-11-01,2021-11-04
14,10,2014-05-15,2024-09-30
14,11,2006-07-21,2023-04-05
14,12,2021-06-29,2025-04-09
14,13,2000-10-25,2020-05-03
14,14,2016-11-15,2018-07-25
14,15,2006-06-12,2020-03-01
14,16,2008-12-28,2013-02-25
14,17,1995-06-15,2023-12-11
14,18,2001-02-13,2023-11-29
14,19,2009-01-30,2025-02-22
14,20,1994-07-29,2004-04-20
14,21,2017-10-03,2024-05-09
14,22,2022-05-18,2024-01-26
14,23,2001-10-07,2024-07-12
14,24,2016-10-25,2023-01-10
14,25,2016-02-18,2019-06-09
14,26,2016-04-18,2022-05-28
14,27,1994-11-03,2018-04-19
14,28,2008-11-23,2012-12-17
14,29,2007-04-19,2014-09-20
14,30,2012-11-05,2016-06-29
14,31,2017-02-05,2023-05-19
14,32,2016-02-12,2024-08-24
14,33,1993-02-04,2001-10-08
14,34,1999-09-14,2001-12-12
14,35,2014-01-18,2021-02-02
14,36,2009-01-24,2015-07-11
14,37,2011-03-17,2019-10-09
14,38,2010-03-25,2021-04-18
14,39,2005-02-20,2021-06-26
14,40,1990-03-26,1996-10-20
14,41,1994-07-29,2020-06-29
14,42,1998-02-04,2002-10-22
14,43,2022-02-06,2023-03-31
14,44,1999-04-14,2007-04-10
14,45,1993-10-24,2007-06-11
14,46,2024-02-14,2025-02-14
14,47,2018-04-29,2023-09-29
14,48,2020-03-31,2025-04-01
14,49,2004-01-09,2023-11-21
14,50,2021-07-28,2022-12-03
14,51,2009-01-12,2024-08-28
14,52,2012-06-09,2018-09-27
14,53,1996-01-20,2005-04-07
14,54,2007-06-14,2010-06-03
14,55,2000-02-21,2010-12-03
14,56,2015-02-20,2024-11-19
14,57,2016-09-03,2023-09-20
14,58,2008-09-18,2019-10-02
14,59,2019-05-25,2020-08-24
14,60,1990-02-12,2006-09-01
14,61,1996-10-21,2005-05-13
14,62,2007-04-05,2015-05-08
14,63,2007-07-25,2024-03-23
14,64,2008-05-27,2019-04-06
14,65,2013-06-15,2022-03-20
14,66,1992-12-13,2012-06-14
14,67,2019-07-31,2021-01-17
14,68,1993-12-30,2004-06-13
14,69,2006-09-14,2018-03-22
14,70,2015-09-16,2021-08-15
14,71,1990-09-24,1999-06-30
14,72,2014-04-27,2018-07-13
14,73,2011-05-04,2012-08-22
14,74,1994-11-01,1999-06-03
14,75,2014-08-21,2016-05-25
14,76,2014-06-02,2021-02-24
14,77,2018-08-09,2022-08-07
14,78,2009-10-10,2020-06-15
14,79,2003-05-08,2011-03-24
14,80,2010-10-23,2019-04-30
14,81,1995-09-07,1998-04-17
14,82,2012-10-25,2019-09-05
14,83,2000-06-28,2011-10-12
14,84,1990-06-03,1992-11-03
14,85,2012-05-04,2024-11-21
14,86,1994-09-19,2014-01-17
14,87,1993-08-17,2018-09-21
14,88,2009-07-15,2016-05-28
14,89,1996-11-24,2004-12-06
14,90,2009-05-20,2013-09-18
14,91,2015-07-02,2022-05-17
14,92,2020-07-22,2024-09-06
14,93,2013-10-09,2025-01-20
14,94,2020-04-20,2024-07-12
14,95,2003-02-02,2011-03-18
14,96,1995-10-08,2007-11-11
14,97,2023-03-22,2024-04-16
14,98,1992-03-07,2013-01-09
14,99,1990-08-26,2000-07-18
14,100,2008-06-09,2010-01-27
15,1,1999-05-04,2000-07-28
15,2,2010-12-14,2014-04-06
15,3,2022-02-07,2023-09-06
15,4,1998-04-07,2020-04-28
15,5,2014-02-22,2024-06-28
15,6,2003-11-13,2011-12-20
15,7,1996-01-12,2023-12-16
15,8,2017-12-30,2019-03-08
15,9,2008-10-04,2018-05-10
15,10,2004-07-30,2020-08-16
15,11,2023-03-04,2024-05-11
15,12,1998-11-16,2018-09-14
15,13,2015-04-15,2017-03-15
15,14,2022-08-29,2024-05-31
15,15,2008-04-26,2017-10-01
15,16,2014-10-23,2021-07-10
15,17,1997-12-25,2017-05-29
15,18,2019-04-12,2024-06-25
15,19,2015-12-13,2017-05-16
15,20,2019-09-28,2021-08-23
15,21,2001-02-21,2016-09-27
15,22,1995-04-22,1998-09-25
15,23,2009-12-29,2013-05-05
15,24,2004-06-30,2010-08-31
15,25,2000-11-18,2017-02-24
15,26,1995-05-25,2016-11-20
15,27,2002-09-06,2009-01-19
15,28,1994-06-11,2000-09-03
15,29,1996-07-04,2015-02-01
15,30,1996-04-04,2010-03-25
15,31,2016-10-05,2017-11-14
15,32,1996-02-13,2017-05-17
15,33,2024-10-17,
15,34,2001-02-21,2020-12-29
15,35,1997-05-28,2016-07-22
15,36,1993-01-01,2002-12-08
15,37,2016-04-07,2020-11-22
15,38,2003-10-16,2005-03-21
15,39,2012-07-27,2016-09-17
15,40,2010-11-22,2024-04-02
15,41,2010-11-16,2021-10-31
15,42,2015-02-04,2016-04-15
15,43,1995-06-08,2000-07-05
15,44,2014-06-09,2020-11-02
15,45,2020-11-16,2025-02-12
15,46,2019-08-19,2021-03-03
15,47,1994-02-19,1999-02-18
15,48,2021-09-04,2023-04-27
15,49,2011-11-08,2022-06-12
15,50,2012-10-02,2020-11-06
15,51,1992-08-26,2017-09-22
15,52,2008-09-01,2025-03-31
15,53,2002-12-17,2021-01-09
15,54,2002-09-03,2014-04-18
15,55,1993-05-27,2021-12-13
15,56,2005-01-08,2018-09-06
15,57,2022-05-07,2025-01-14
15,58,1997-05-06,2003-06-21
15,59,2009-09-15,2022-06-02
15,60,2006-08-21,2008-03-20
15,61,2021-04-18,2024-07-07
15,62,1997-06-17,2000-06-07
15,63,1994-04-04,2006-07-24
15,64,1994-03-31,2006-06-02
15,65,2013-02-07,2020-08-04
15,66,2012-01-14,2015-05-12
15,67,2007-02-24,2013-09-06
15,68,2017-03-04,2020-05-01
15,69,2021-03-17,2023-02-19
15,70,2006-05-20,2013-12-06
15,71,1990-03-24,1995-11-01
15,72,2007-08-10,2019-05-09
15,73,2013-03-15,2019-03-19
15,74,2010-01-31,2015-05-17
15,75,2015-05-26,2016-08-07
15,76,2018-12-04,2021-02-05
15,77,2011-06-01,2018-08-17
15,78,2022-07-24,2023-08-21
15,79,1997-03-20,2009-05-24
15,80,2003-07-25,2012-07-03
15,81,2006-09-30,2015-12-02
15,82,2008-01-12,2010-09-15
15,83,2003-04-27,2017-06-08
15,84,1996-07-01,2007-01-01
15,85,1994-05-14,2012-11-15
15,86,2000-08-22,2004-04-06
15,87,1998-03-27,2021-11-10
15,88,1996-08-12,2015-07-11
15,89,2015-12-28,2022-09-08
15,90,2013-01-09,2016-02-27
15,91,1999-12-01,2023-12-10
15,92,2000-02-18,2002-09-17
15,93,2015-03-11,2016-03-11
15,94,2023-12-24,2025-04-07
15,95,2001-06-04,2012-12-25
15,96,2017-06-04,2022-03-22
15,97,2016-02-20,2024-10-31
15,98,2017-12-12,2020-02-29
15,99,2009-03-18,2016-08-22
15,100,2021-07-24,2023-05-12
16,1,2006-11-13,2013-04-05
16,2,1999-11-20,2012-07-21
16,3,2011-11-20,2016-06-04
16,4,1999-01-21,2009-09-08
16,5,2012-12-01,2024-01-26
16,6,2017-08-16,2020-11-30
16,7,1990-01-02,2015-03-26
16,8,2002-10-12,2016-03-26
16,9,2014-05-30,2020-03-13
16,10,2006-05-25,2008-07-19
16,11,2011-08-04,2013-02-22
16,12,1992-10-28,1994-04-28
16,13,1997-02-23,2019-07-15
16,14,1997-05-16,2012-04-07
16,15,2007-02-04,2010-12-09
16,16,1995-04-16,2002-01-29
16,17,1996-06-04,2001-06-23
16,18,1993-03-19,2020-10-10
16,19,2022-03-02,2024-02-10
16,20,2002-08-20,2015-12-15
16,21,2018-01-13,2023-09-26
16,22,2015-11-02,2017-11-07
16,23,2024-10-13,
16,24,2022-03-17,2025-03-06
16,25,2021-01-11,2025-02-23
16,26,2005-12-01,2013-02-22
16,27,2013-07-06,2017-10-26
16,28,2022-07-21,2024-10-18
16,29,2019-07-31,2021-01-17
16,30,2020-05-24,2025-03-07
16,31,2007-09-11,2023-01-15
16,32,2002-08-11,2006-01-07
16,33,1995-10-29,2007-04-25
16,34,2008-03-14,2010-02-18
16,35,2020-02-04,2023-08-07
16,36,2024-12-20,
16,37,1994-01-09,2020-10-16
16,38,2003-07-06,2013-01-24
16,39,2006-06-07,2023-10-16
16,40,1996-09-30,1999-05-16
16,41,2023-11-28,2025-04-12
16,42,2004-11-08,2018-11-12
16,43,1991-07-17,2013-06-25
16,44,2018-05-05,2024-05-20
16,45,2003-11-09,2008-01-07
16,46,1999-10-09,2018-01-14
16,47,2000-06-12,2021-11-09
16,48,2002-06-09,2021-05-01
16,49,2021-02-24,2023-03-26
16,50,2018-11-07,2024-05-19
16,51,2015-09-02,2016-11-02
16,52,2021-01-06,2022-03-28
16,53,2002-04-30,2017-01-06
16,54,2023-01-05,2024-10-12
16,55,2004-09-19,2008-06-04
16,56,2002-11-05,2024-11-21
16,57,2020-04-09,2023-02-26
16,58,2020-03-04,2022-08-20
16,59,1998-12-03,2007-08-11
16,60,2020-07-05,2022-06-25
16,61,1991-06-24,2009-07-12
16,62,2004-09-03,2020-03-19
16,63,2023-08-04,2025-01-14
16,64,2022-03-01,2024-05-17
16,65,2010-12-02,2018-09-21
16,66,1993-01-30,2002-10-30
16,67,1996-11-13,2009-10-20
16,68,1990-10-12,1996-07-14
16,69,2002-07-28,2021-09-08
16,70,1999-10-02,2007-09-20
16,71,1995-05-12,2011-03-31
16,72,1992-05-23,2013-12-15
16,73,1994-05-29,1997-05-08
16,74,2019-12-07,2022-10-20
16,75,1999-11-05,2002-01-11
16,76,2019-12-29,2022-04-27
16,77,1997-09-06,2002-09-10
16,78,1995-12-08,2008-05-25
16,79,2011-09-16,2014-09-15
16,80,2006-11-25,2021-05-23
16,81,2006-08-03,2018-07-11
16,82,1991-03-31,2008-09-21
16,83,2004-05-16,2017-03-02
16,84,2020-06-25,2024-10-28
16,85,2018-07-29,2020-06-14
16,86,1997-03-12,2000-09-15
16,87,2024-10-23,
16,88,2017-11-18,2024-01-03
16,89,2001-03-14,2024-05-23
16,90,1998-03-06,2015-10-23
16,91,1994-03-17,2003-12-19
16,92,2004-09-12,2024-06-10
16,93,1992-06-16,2002-08-01
16,94,2003-06-01,2006-05-30
16,95,2018-05-23,2022-09-18
16,96,2010-12-08,2022-01-10
16,97,2017-06-07,2019-06-21
16,98,1997-12-23,2019-02-15
16,99,1995-11-19,2013-01-27
16,100,2003-05-20,2012-06-23
17,1,2010-04-20,2011-07-29
17,2,2002-06-11,2011-08-23
17,3,1997-12-12,2007-12-18
17,4,2021-01-01,2022-05-10
17,5,2004-08-24,2012-01-01
17,6,2011-11-14,2024-06-02
17,7,2009-03-27,2016-08-29
17,8,1997-04-09,2024-12-10
17,9,2012-07-08,2017-02-22
17,10,1998-07-10,2003-09-04
17,11,1998-03-26,2014-02-02
17,12,2002-09-17,2008-09-30
17,13,1995-11-02,2022-04-01
17,14,2006-10-05,2015-12-13
17,15,2020-09-17,2025-02-16
17,16,2024-02-06,2025-04-10
17,17,2025-01-27,
17,18,2021-06-11,2024-02-10
17,19,2013-02-17,2019-11-13
17,20,2015-02-11,2024-05-31
17,21,2003-09-23,2020-03-24
17,22,2009-11-24,2014-12-23
17,23,1997-12-31,2000-04-06
17,24,2006-05-14,2012-06-10
17,25,2007-08-01,2021-02-08
17,26,2018-12-05,2023-01-01
17,27,2025-04-07,
17,28,1994-11-07,2000-03-01
17,29,2025-02-26,
17,30,2018-06-10,2024-06-14
17,31,2011-03-31,2018-05-19
17,32,2014-03-30,2015-11-08
17,33,1993-08-18,2024-07-27
17,34,2016-12-18,2024-05-29
17,35,1997-02-11,2021-12-13
17,36,2003-07-06,2023-10-28
17,37,2010-01-13,2013-11-17
17,38,2005-01-10,2016-05-04
17,39,2009-12-11,2012-06-15
17,40,2000-04-25,2009-07-04
17,41,2021-05-14,2022-07-27
17,42,1995-10-31,2024-03-10
17,43,2011-03-16,2013-12-08
17,44,2004-05-18,2007-09-16
17,45,2021-01-29,2023-11-20
17,46,2015-07-31,2017-03-05
17,47,2022-08-10,2025-02-18
17,48,2018-09-29,2019-10-29
17,49,2013-09-04,2015-03-08
17,50,2017-09-30,2021-08-07
17,51,2005-03-10,2021-11-14
17,52,2019-10-01,2023-05-14
17,53,1995-06-29,2024-07-22
17,54,2021-07-20,2023-12-21
17,55,2021-01-01,2024-05-11
17,56,1995-12-05,2006-05-25
17,57,2016-09-19,2019-05-08
17,58,2014-03-24,2017-10-02
17,59,2019-02-11,2023-04-06
17,60,1990-05-31,2003-02-22
17,61,2012-04-04,2022-09-09
17,62,2012-02-16,2024-08-14
17,63,2009-04-02,2022-10-17
17,64,2001-03-23,2023-11-30
17,65,2009-10-03,2019-07-21
17,66,1995-05-01,2022-03-03
17,67,2022-09-17,2024-01-31
17,68,1997-01-06,2001-10-26
17,69,1999-03-10,2018-05-11
17,70,2005-12-25,2019-11-26
17,71,1999-12-29,2020-04-06
17,72,2012-03-14,2016-04-16
17,73,2001-04-27,2003-12-16
17,74,2011-05-07,2016-02-27
17,75,2003-03-23,2023-01-29
17,76,2012-03-17,2017-11-24
17,77,2003-12-05,2009-06-23
17,78,1992-05-18,2022-11-11
17,79,2005-08-11,2016-08-19
17,80,2018-07-26,2023-12-15
17,81,2003-12-02,2006-05-05
17,82,1997-03-14,1999-03-14
17,83,2006-09-11,2010-07-31
17,84,1995-12-17,2015-12-29
17,85,1997-03-21,2009-02-24
17,86,2002-01-14,2015-08-11
17,87,1996-09-05,1999-10-15
17,88,2001-08-25,2006-03-17
17,89,2007-04-06,2011-11-26
17,90,1998-03-14,2004-02-29
17,91,1993-01-19,2006-03-24
17,92,2000-06-22,2007-08-30
17,93,2017-03-18,2022-05-19
17,94,1998-02-05,2009-02-05
17,95,2004-11-22,2023-12-17
17,96,2020-10-29,2024-04-09
17,97,2024-01-07,2025-01-21
17,98,2009-06-22,2012-05-28
17,99,2001-11-16,2022-01-13
17,100,2006-05-04,2010-05-27
18,1,1991-07-25,2012-03-04
18,2,2008-10-28,2012-06-01
18,3,2014-10-03,2024-03-21
18,4,2024-04-20,
18,5,2019-10-20,2021-04-05
18,6,1996-08-28,2017-12-17
18,7,2010-06-18,2023-05-23
18,8,2002-07-27,2005-09-03
18,9,2007-03-11,2022-10-19
18,10,1996-06-19,2002-06-18
18,11,2005-02-15,2024-03-28
18,12,1998-10-23,2005-05-23
18,13,1998-09-01,2021-10-15
18,14,2005-07-24,2021-01-17
18,15,2000-06-11,2004-10-23
18,16,2004-12-12,2013-11-25
18,17,1991-03-11,1993-06-08
18,18,2023-10-27,2025-03-14
18,19,1994-02-02,2004-03-22
18,20,2007-01-12,2022-08-16
18,21,2018-09-26,2024-11-04
18,22,1999-06-29,2015-02-13
18,23,2013-10-26,2018-02-17
18,24,1991-04-22,1995-02-02
18,25,2007-12-23,2018-12-26
18,26,2015-04-08,2023-07-15
18,27,2016-08-17,2023-03-04
18,28,2023-05-20,2024-12-01
18,29,2003-12-13,2006-01-05
18,30,2019-01-12,2024-06-12
18,31,2013-05-07,2019-10-16
18,32,2023-02-05,2024-12-27
18,33,1992-10-17,1997-04-13
18,34,1997-04-10,2014-02-14
18,35,2012-06-24,2016-09-01
18,36,2009-10-12,2020-05-03
18,37,2006-09-25,2023-10-29
18,38,2005-12-17,2013-02-07
18,39,1997-04-16,2018-05-28
18,40,1998-10-16,2013-05-07
18,41,2019-03-02,2024-06-09
18,42,2023-04-26,2024-08-27
18,43,1994-05-13,2021-05-20
18,44,2019-05-21,2022-04-30
18,45,1993-10-01,2017-10-27
18,46,2002-06-02,2012-06-12
18,47,1992-04-07,2008-11-16
18,48,1995-02-09,2013-06-29
18,49,2015-09-20,2022-12-06
18,50,2006-02-11,2018-09-19
18,51,1991-07-26,2013-01-26
18,52,2004-03-29,2019-06-28
18,53,2005-09-13,2016-12-29
18,54,2019-11-18,2024-05-26
18,55,2020-08-03,2024-02-19
18,56,2002-10-18,2008-11-28
18,57,2003-11-19,2009-09-21
18,58,2004-08-17,2010-05-17
18,59,2006-12-04,2022-09-23
18,60,2020-03-08,2021-08-12
18,61,2009-06-12,2013-04-13
18,62,1994-06-22,2022-04-29
18,63,2015-02-21,2022-08-11
18,64,2008-10-13,2022-02-14
18,65,1998-10-20,2020-04-29
18,66,1995-11-04,1997-02-20
18,67,1990-10-31,1997-06-01
18,68,2000-09-28,2007-09-14
18,69,2022-05-22,2024-04-30
18,70,2022-02-24,2023-04-17
18,71,2014-08-16,2017-07-31
18,72,1994-11-17,2021-09-28
18,73,1999-10-16,2017-04-13
18,74,2008-02-10,2012-06-21
18,75,2008-05-29,2011-04-30
18,76,1990-08-15,2023-01-14
18,77,2012-02-19,2018-03-07
18,78,1992-04-06,1993-09-25
18,79,1993-10-11,2024-08-11
18,80,2009-04-21,2025-02-13
18,81,2020-02-14,2021-06-30
18,82,2015-03-02,2023-02-20
18,83,2003-02-17,2019-01-13
18,84,2012-11-18,2020-04-17
18,85,2007-07-24,2017-08-28
18,86,1993-08-24,2024-12-10
18,87,2016-09-07,2022-05-13
18,88,2000-11-24,2018-05-25
18,89,1996-07-22,2022-04-15
18,90,1999-12-12,2009-06-01
18,91,1997-05-15,2018-07-28
18,92,2012-09-15,2018-09-25
18,93,1992-03-05,2004-01-12
18,94,2006-06-11,2025-01-22
18,95,2001-04-29,2021-10-12
18,96,1996-10-16,2015-05-17
18,97,2018-01-30,2020-09-06
18,98,2002-01-29,2023-01-14
18,99,2003-12-26,2024-04-03
18,100,2010-06-25,2021-09-25
19,1,1994-10-21,1999-08-11
19,2,1993-08-29,2006-12-02
19,3,1995-05-04,2024-09-25
19,4,1991-11-21,2015-11-12
19,5,2012-12-25,2024-06-25
19,6,2016-06-15,2021-04-03
19,7,2022-12-07,2023-12-16
19,8,1993-02-09,1998-07-12
19,9,1998-11-19,2001-05-04
19,10,1993-09-07,1996-09-14
19,11,1994-10-10,2016-04-25
19,12,1991-02-28,1996-09-28
19,13,2010-12-25,2014-11-24
19,14,2019-01-12,2023-07-02
19,15,2007-07-20,2009-02-05
19,16,2021-10-20,2025-01-17
19,17,1992-07-15,2023-11-24
19,18,2019-10-13,2024-06-12
19,19,2009-02-11,2012-09-03
19,20,2002-05-03,2020-08-10
19,21,2018-12-22,2023-02-15
19,22,2004-04-22,2012-02-07
19,23,1996-07-11,2020-10-09
19,24,2004-04-12,2013-03-29
19,25,1999-02-28,2010-09-29
19,26,1992-06-07,2025-01-23
19,27,1991-01-16,1995-08-16
19,28,2015-02-23,2019-06-11
19,29,1997-07-13,2011-05-04
19,30,1996-09-30,2000-01-05
19,31,2020-08-30,2023-03-06
19,32,1992-04-11,1998-06-11
19,33,2011-05-01,2017-07-02
19,34,2011-02-09,2023-01-12
19,35,1994-06-19,2021-04-21
19,36,2024-10-07,
19,37,1990-02-15,2018-03-07
19,38,2016-05-23,2023-06-18
19,39,2017-06-14,2020-06-17
19,40,2009-04-20,2013-05-26
19,41,1991-07-07,2019-08-07
19,42,2016-06-22,2024-06-09
19,43,2024-09-01,
19,44,2006-04-07,2014-03-15
19,45,2010-01-21,2015-09-20
19,46,2009-10-13,2014-10-25
19,47,1998-09-10,2015-07-29
19,48,2022-05-15,2025-02-11
19,49,2011-09-26,2022-07-22
19,50,2014-04-09,2021-02-04
19,51,1996-11-29,2002-06-12
19,52,2012-03-02,2024-02-20
19,53,1990-12-03,1995-01-23
19,54,2009-05-21,2021-04-26
19,55,1996-01-25,2010-08-26
19,56,2016-07-15,2024-07-04
19,57,2023-05-22,2024-09-05
19,58,2010-03-18,2018-12-03
19,59,1998-10-17,2004-02-24
19,60,2016-04-29,2020-01-02
19,61,2021-02-21,2022-08-26
19,62,1993-10-30,2001-08-16
19,63,2005-12-02,2018-11-12
19,64,2014-03-03,2016-01-04
19,65,2017-04-10,2020-03-02
19,66,1998-07-19,2003-04-18
19,67,1994-10-05,2004-05-30
19,68,2012-10-01,2017-12-24
19,69,1994-08-30,2020-09-01
19,70,2020-10-09,2022-08-11
19,71,1998-08-12,2009-08-20
19,72,2015-04-05,2022-04-05
19,73,2009-10-01,2020-07-30
19,74,2013-07-26,2019-10-04
19,75,2004-06-15,2018-08-07
19,76,1996-03-10,2002-06-15
19,77,2015-06-10,2019-04-27
19,78,2023-06-28,2024-08-16
19,79,2014-05-08,2024-01-14
19,80,2000-03-06,2004-01-15
19,81,2004-05-19,2016-11-22
19,82,2011-04-17,2014-07-27
19,83,2012-02-11,2024-01-11
19,84,2008-10-19,2024-08-05
19,85,1990-06-30,2004-01-10
19,86,1997-06-19,1998-08-04
19,87,1994-12-06,2003-11-10
19,88,2005-04-09,2023-03-08
19,89,2018-05-17,2024-08-29
19,90,2002-12-25,2009-11-29
19,91,1998-06-14,1999-12-18
19,92,2019-01-01,2024-05-22
19,93,2017-03-16,2020-08-29
19,94,2014-05-29,2022-10-24
19,95,2004-06-25,2010-11-09
19,96,2012-11-27,2024-07-05
19,97,2005-11-01,2024-11-25
19,98,1995-01-29,2016-06-07
19,99,2010-07-09,2016-09-03
19,100,2021-12-04,2024-04-15
20,1,1992-02-04,2017-11-15
20,2,1996-09-19,2020-10-06
20,3,1997-10-18,2013-08-01
20,4,1991-11-26,1994-06-26
20,5,2021-08-24,2024-10-02
20,6,2011-09-02,2017-03-25
20,7,1996-12-12,2007-12-09
20,8,1996-05-05,2007-08-13
20,9,2000-09-13,2012-01-14
20,10,2024-03-24,2025-03-28
20,11,2012-11-07,2021-01-25
20,12,2002-07-10,2014-12-02
20,13,1990-09-12,2002-12-11
20,14,1990-03-31,2004-04-14
20,15,2024-06-30,
20,16,2024-03-23,2025-03-29
20,17,2020-11-26,2022-06-26
20,18,2007-05-06,2009-02-21
20,19,2025-01-07,
20,20,2017-09-30,2020-05-30
20,21,2009-09-07,2014-08-29
20,22,2008-04-02,2022-11-04
20,23,2024-01-17,2025-01-17
20,24,2015-10-21,2022-12-29
20,25,2010-02-13,2013-08-03
20,26,1994-11-06,2021-10-28
20,27,2014-05-09,2020-07-18
20,28,2008-01-11,2017-06-17
20,29,2001-03-31,2004-09-27
20,30,1994-07-31,2012-09-17
20,31,1995-08-15,1996-09-07
20,32,2005-12-02,2012-04-23
20,33,2004-07-25,2005-10-22
20,34,2023-08-29,2025-03-07
20,35,1998-01-17,2016-08-07
20,36,1993-05-03,1997-01-26
20,37,2002-03-30,2023-01-31
20,38,1998-08-16,2002-06-19
20,39,1998-04-11,2004-03-13
20,40,1990-03-10,2024-06-11
20,41,2008-05-07,2012-09-02
20,42,2001-01-22,2009-05-17
20,43,2017-06-09,2019-09-22
20,44,2005-05-25,2008-12-06
20,45,2002-01-01,2005-05-24
20,46,2022-07-12,2023-10-01
20,47,2009-03-28,2021-01-24
20,48,2009-09-26,2012-03-05
20,49,1994-01-26,2019-05-27
20,50,2004-04-10,2013-09-03
20,51,2024-01-18,2025-04-09
20,52,1991-08-11,2000-05-26
20,53,1991-03-06,2019-01-26
20,54,1993-08-16,2014-08-30
20,55,1999-02-23,2001-01-01
20,56,2018-09-29,2024-09-26
20,57,2010-07-17,2023-02-13
20,58,2017-02-18,2025-01-02
20,59,2011-01-12,2015-01-16
20,60,2003-05-16,2018-01-06
20,61,2012-07-30,2018-12-19
20,62,2007-10-16,2010-12-13
20,63,1991-09-27,1997-01-12
20,64,1999-02-21,2007-01-22
20,65,2025-04-11,
20,66,2017-01-27,2018-10-17
20,67,2007-06-07,2018-11-01
20,68,1998-05-26,2003-07-23
20,69,2014-07-13,2017-02-21
20,70,1995-07-21,2020-05-27
20,71,2010-02-21,2019-01-27
20,72,2024-09-29,
20,73,2018-02-15,2024-04-10
20,74,1993-05-20,1999-08-10
20,75,2022-09-12,2025-03-21
20,76,1996-08-25,2015-08-31
20,77,1992-08-30,2018-09-25
20,78,2015-06-27,2018-07-20
20,79,2003-07-07,2007-01-07
20,80,2004-07-06,2012-01-04
20,81,2017-07-18,2019-01-05
20,82,2010-11-13,2016-02-10
20,83,2006-12-30,2014-05-10
20,84,2018-08-15,2021-07-16
20,85,2011-03-04,2025-04-13
20,86,1992-10-04,2022-12-07
20,87,2002-07-25,2016-02-14
20,88,1997-02-19,2004-04-17
20,89,2018-12-13,2021-12-10
20,90,2019-11-05,2023-05-15
20,91,2017-04-04,2019-01-30
20,92,2024-07-12,
20,93,1990-08-16,2009-12-16
20,94,2021-03-23,2023-08-24
20,95,1999-03-10,2015-03-17
20,96,2009-02-28,2012-06-03
20,97,2013-04-19,2018-03-14
20,98,2015-06-19,2018-04-06
20,99,2023-11-26,2025-02-25
20,100,2009-09-05,2013-11-12
21,1,2020-11-22,2023-05-16
21,2,2014-05-07,2020-03-09
21,3,2013-06-20,2015-11-25
21,4,2014-06-29,2022-07-19
21,5,2020-07-24,2023-07-10
21,6,2002-01-30,2013-02-17
21,7,2010-07-05,2016-07-17
21,8,2019-11-18,2021-05-23
21,9,2019-09-28,2021-09-27
21,10,1992-07-02,2004-05-01
21,11,2017-08-15,2022-12-30
21,12,2006-01-28,2019-12-06
21,13,2021-04-21,2024-06-12
21,14,1992-11-20,2023-11-09
21,15,2002-12-30,2024-01-16
21,16,2022-03-07,2025-01-12
21,17,2022-06-07,2025-03-24
21,18,1994-03-14,2001-04-19
21,19,2020-09-27,2023-11-02
21,20,1993-08-20,2022-08-25
21,21,2008-10-11,2016-11-04
21,22,2001-08-30,2013-01-13
21,23,2000-11-20,2021-04-19
21,24,2016-01-08,2019-06-07
21,25,1997-08-08,2010-08-05
21,26,2007-11-26,2018-12-27
21,27,1990-08-07,1995-09-24
21,28,2022-03-22,2023-11-10
21,29,2024-10-01,
21,30,1991-02-22,2004-07-02
21,31,1998-05-24,2015-08-21
21,32,2022-01-26,2023-03-21
21,33,2012-02-17,2014-12-10
21,34,2018-02-02,2019-04-10
21,35,1998-10-30,2021-04-19
21,36,2014-08-22,2016-06-19
21,37,1997-03-25,2009-06-20
21,38,2013-08-04,2017-07-22
21,39,2007-10-12,2016-11-16
21,40,2010-12-23,2021-12-10
21,41,2001-04-05,2020-10-13
21,42,2019-02-27,2023-08-02
21,43,2006-09-22,2024-09-14
21,44,2004-05-05,2012-02-18
21,45,2010-09-07,2018-02-17
21,46,1993-03-04,2014-12-13
21,47,2013-05-04,2023-03-22
21,48,2021-05-03,2022-10-13
21,49,2017-06-03,2023-10-11
21,50,1990-09-14,2000-10-05
21,51,2020-04-11,2023-06-12
21,52,2022-03-13,2024-11-05
21,53,2011-12-16,2023-12-29
21,54,2015-08-07,2024-11-08
21,55,2011-12-13,2018-05-24
21,56,1994-04-05,2021-10-22
21,57,1999-03-10,2009-06-04
21,58,1997-06-20,2019-01-19
21,59,2001-01-29,2008-01-31
21,60,2004-11-28,2025-01-12
21,61,2007-09-04,2015-10-28
21,62,2003-06-07,2018-04-02
21,63,2017-08-20,2020-09-26
21,64,2021-08-16,2024-11-30
21,65,2020-02-05,2024-09-05
21,66,1994-10-13,2014-03-11
21,67,2003-01-19,2013-12-22
21,68,2007-12-02,2011-02-26
21,69,2017-03-05,2025-03-23
21,70,2020-11-08,2022-04-04
21,71,2004-07-24,2017-01-19
21,72,2008-11-19,2018-10-06
21,73,2003-02-22,2014-05-01
21,74,1999-02-03,2012-05-14
21,75,2010-12-21,2025-03-18
21,76,2017-05-05,2024-11-14
21,77,2019-08-03,2023-09-22
21,78,2009-07-23,2021-06-02
21,79,2013-04-07,2015-05-31
21,80,2006-03-12,2012-07-19
21,81,2020-12-30,2024-08-19
21,82,2016-06-25,2017-12-13
21,83,2009-04-21,2019-09-12
21,84,2017-03-12,2018-11-14
21,85,2022-07-18,2024-04-21
21,86,2000-09-16,2013-04-29
21,87,2002-01-31,2024-02-14
21,88,2015-04-22,2020-01-14
21,89,2008-02-14,2022-08-16
21,90,2009-06-08,2023-01-11
21,91,2004-11-07,2024-01-18
21,92,2015-05-06,2017-08-14
21,93,2020-10-21,2023-06-06
21,94,2009-07-31,2010-09-11
21,95,2002-11-25,2025-03-31
21,96,2014-06-04,2019-08-04
21,97,2003-12-13,2023-04-14
21,98,2006-07-02,2010-11-20
21,99,2019-07-12,2021-08-04
21,100,2012-03-19,2014-01-11
22,1,2002-09-14,2015-07-30
22,2,2025-03-29,
22,3,2003-04-22,2012-05-21
22,4,2023-06-24,2024-08-24
22,5,1998-10-25,2015-01-14
22,6,2020-10-21,2024-07-02
22,7,2020-10-04,2024-01-03
22,8,2019-11-20,2023-07-25
22,9,2016-08-26,2020-03-26
22,10,2002-04-02,2004-06-22
22,11,1992-11-14,2019-05-14
22,12,1995-07-25,2020-03-12
22,13,2014-06-22,2023-02-11
22,14,1992-01-24,2012-05-17
22,15,1993-04-21,1996-04-03
22,16,2011-11-30,2024-05-26
22,17,1991-10-06,2006-07-02
22,18,2017-01-31,2018-02-16
22,19,2002-08-03,2009-11-28
22,20,2009-03-22,2025-02-03
22,21,2013-11-09,2024-03-28
22,22,2013-12-19,2016-02-28
22,23,2016-03-23,2020-11-05
22,24,1998-08-26,2011-01-12
22,25,2000-12-17,2024-08-17
22,26,2010-03-26,2015-07-09
22,27,1997-02-10,2003-09-07
22,28,2004-01-16,2021-09-28
22,29,1995-04-22,2011-08-26
22,30,2012-11-20,2022-01-28
22,31,2013-01-17,2017-03-06
22,32,2007-03-24,2024-09-25
22,33,2018-08-06,2024-07-05
22,34,1999-12-15,2012-12-20
22,35,2014-04-01,2017-09-23
22,36,2005-03-09,2022-03-29
22,37,2022-12-24,2024-11-01
22,38,2019-02-19,2024-09-14
22,39,1998-08-06,2023-09-14
22,40,2011-12-25,2018-12-27
22,41,1992-09-26,1997-12-24
22,42,2012-04-23,2022-10-25
22,43,2004-05-27,2010-09-15
22,44,2015-02-26,2024-10-13
22,45,2023-08-30,2025-02-27
22,46,2012-05-08,2018-09-24
22,47,1996-03-18,2003-06-26
22,48,1996-09-23,2011-10-14
22,49,2023-10-26,2025-02-14
22,50,2008-06-03,2015-06-13
22,51,2005-01-26,2017-12-04
22,52,2011-11-09,2018-05-24
22,53,2024-10-06,
22,54,2008-09-20,2018-12-16
22,55,1997-03-19,2001-07-05
22,56,2006-08-30,2015-02-11
22,57,2017-07-01,2018-11-15
22,58,2024-05-08,
22,59,2017-04-15,2020-12-25
22,60,2023-03-26,2024-08-31
22,61,2023-03-16,2025-01-17
22,62,2024-10-06,
22,63,2015-01-18,2023-10-30
22,64,2008-11-12,2012-05-16
22,65,2012-11-06,2018-05-14
22,66,2011-04-09,2020-02-09
22,67,1994-04-23,2022-11-23
22,68,1991-03-26,2007-06-07
22,69,2008-06-02,2011-05-03
22,70,2002-12-29,2016-04-15
22,71,2022-11-08,2024-02-25
22,72,1998-07-09,2008-05-15
22,73,2004-06-18,2016-09-03
22,74,2002-09-11,2018-11-26
22,75,1997-07-12,2005-05-09
22,76,2007-08-12,2021-09-07
22,77,1999-04-02,2012-11-03
22,78,2015-08-03,2020-02-12
22,79,2017-07-08,2023-02-01
22,80,1993-01-03,2013-04-28
22,81,1990-12-29,2010-11-07
22,82,1991-10-29,1998-02-04
22,83,2010-09-16,2016-01-25
22,84,1994-07-13,2007-11-13
22,85,2020-11-12,2023-04-01
22,86,1995-06-20,2003-04-22
22,87,2006-09-07,2019-05-15
22,88,1996-10-16,1999-01-08
22,89,2022-02-22,2024-09-20
22,90,2003-03-21,2021-11-08
22,91,2005-11-06,2020-10-17
22,92,2024-05-22,
22,93,1994-01-10,1999-11-30
22,94,2016-08-15,2018-02-24
22,95,1992-08-27,1998-10-21
22,96,2022-07-07,2025-03-01
22,97,1997-05-12,2003-11-27
22,98,2023-09-24,2024-11-26
22,99,2002-12-28,2022-04-28
22,100,2019-06-14,2020-11-10
23,1,2006-04-15,2024-11-20
23,2,1990-11-04,2003-02-11
23,3,1996-03-06,2008-07-03
23,4,2011-01-08,2015-10-25
23,5,2020-01-13,2022-03-16
23,6,2002-02-20,2016-05-15
23,7,2023-03-20,2024-05-02
23,8,2024-12-30,
23,9,2023-04-10,2024-09-27
23,10,2018-10-03,2021-08-15
23,11,2000-11-01,2011-06-02
23,12,2023-04-24,2025-04-11
23,13,2018-07-17,2023-07-31
23,14,1992-03-05,2017-02-22
23,15,2019-08-28,2024-05-12
23,16,2005-04-01,2023-05-19
23,17,2008-11-09,2010-12-06
23,18,1992-12-25,2024-03-05
23,19,2023-07-10,2025-02-20
23,20,2014-05-14,2022-09-21
23,21,2014-02-26,2023-06-30
23,22,2009-06-29,2024-05-18
23,23,1990-11-23,2023-11-18
23,24,1994-07-04,2001-05-08
23,25,2004-01-16,2010-07-23
23,26,1993-08-12,2013-12-11
23,27,2005-05-24,2009-01-29
23,28,1997-01-03,2010-08-03
23,29,2005-06-14,2015-07-15
23,30,2011-10-26,2021-04-13
23,31,2023-10-08,2024-12-26
23,32,2020-02-02,2024-03-03
23,33,1996-01-09,2007-06-23
23,34,2014-06-06,2021-01-11
23,35,2008-06-29,2024-05-20
23,36,2020-03-23,2022-10-12
23,37,2023-07-02,2024-10-12
23,38,2016-09-19,2019-09-13
23,39,1992-05-20,2004-02-20
23,40,2008-07-06,2016-04-24
23,41,1993-12-10,2011-08-09
23,42,1996-03-19,2021-02-01
23,43,1994-02-25,2007-01-13
23,44,2014-01-09,2016-06-19
23,45,2013-11-29,2019-08-03
23,46,2012-05-06,2019-06-21
23,47,1999-12-11,2015-11-14
23,48,1998-01-22,2021-06-08
23,49,1991-06-07,2024-06-08
23,50,2010-10-27,2013-10-09
23,51,2021-12-10,2023-12-13
23,52,1998-09-22,2023-08-11
23,53,2001-05-12,2007-08-24
23,54,1996-05-07,2020-07-05
23,55,2021-05-21,2023-02-28
23,56,1998-08-17,2006-12-13
23,57,1998-03-21,2017-05-19
23,58,2001-01-09,2017-05-17
23,59,1994-05-14,2002-06-26
23,60,2007-08-27,2013-04-28
23,61,2003-05-03,2022-12-24
23,62,2000-02-27,2001-06-03
23,63,2017-10-02,2020-07-14
23,64,1991-07-06,2023-05-29
23,65,2018-01-18,2025-04-06
23,66,2001-11-06,2024-01-04
23,67,2019-03-26,2022-01-09
23,68,2001-07-27,2004-03-11
23,69,1991-01-12,2002-07-26
23,70,2013-09-18,2022-07-03
23,71,2020-02-15,2023-09-09
23,72,1994-12-03,2011-01-30
23,73,2000-02-17,2017-02-02
23,74,2021-04-08,2024-11-05
23,75,2005-11-24,2016-10-04
23,76,2017-05-26,2025-01-29
23,77,1991-08-13,2013-05-20
23,78,2009-10-13,2021-02-20
23,79,2023-05-16,2024-12-14
23,80,2014-08-22,2021-05-26
23,81,2014-11-18,2022-04-14
23,82,2002-07-10,2016-08-03
23,83,2017-07-08,2023-02-05
23,84,2010-07-25,2018-11-06
23,85,2013-03-05,2014-07-13
23,86,2015-01-02,2024-02-29
23,87,2011-06-19,2015-12-27
23,88,2005-10-01,2023-10-23
23,89,2023-02-01,2024-11-15
23,90,2013-04-29,2018-09-21
23,91,1995-06-08,2012-06-12
23,92,2009-03-06,2022-09-20
23,93,2017-09-02,2021-08-08
23,94,2023-03-01,2024-07-16
23,95,2007-04-19,2022-09-05
23,96,1993-02-16,2002-08-29
23,97,2017-11-12,2019-01-09
23,98,2016-10-01,2024-04-09
23,99,2001-05-15,2006-02-16
23,100,2003-07-14,2004-10-14
24,1,2004-05-08,2006-04-23
24,2,1994-08-30,1999-06-22
24,3,1994-12-31,2020-07-08
24,4,1997-12-13,2017-05-19
24,5,2005-10-20,2014-03-28
24,6,2017-08-20,2022-08-17
24,7,2023-02-19,2024-02-20
24,8,1991-09-27,2012-12-31
24,9,1999-02-12,2009-08-09
24,10,2001-09-09,2024-06-02
24,11,2005-08-16,2019-04-26
24,12,2010-09-22,2015-11-28
24,13,2013-03-14,2018-05-19
24,14,2021-01-02,2023-08-02
24,15,1992-09-14,2002-04-29
24,16,2020-12-12,2024-06-22
24,17,1992-06-25,1994-05-31
24,18,2004-07-13,2019-07-08
24,19,2011-02-15,2019-05-19
24,20,2000-07-07,2008-02-22
24,21,2002-10-12,2016-01-18
24,22,2024-04-17,
24,23,1994-12-10,2011-01-09
24,24,2014-03-30,2016-05-24
24,25,2006-02-12,2015-01-30
24,26,2005-01-03,2024-05-14
24,27,2000-03-07,2017-12-08
24,28,2012-05-01,2024-05-18
24,29,2016-05-31,2018-07-23
24,30,2010-11-11,2016-10-28
24,31,2007-06-22,2016-02-04
24,32,2017-04-06,2018-07-20
24,33,2009-04-03,2021-04-28
24,34,2015-06-22,2019-04-15
24,35,2015-06-20,2020-01-05
24,36,1996-08-14,2017-07-02
24,37,2004-02-18,2015-08-13
24,38,1994-07-23,2009-12-23
24,39,1997-12-01,2010-05-30
24,40,2024-10-04,
24,41,2012-11-02,2017-02-10
24,42,2010-11-22,2023-04-19
24,43,2021-10-02,2024-01-17
24,44,2009-11-16,2022-03-23
24,45,2023-03-25,2024-06-23
24,46,2019-12-22,2024-05-14
24,47,2010-01-02,2016-04-26
24,48,2006-02-13,2014-10-19
24,49,2009-06-03,2015-02-14
24,50,2018-03-23,2020-12-09
24,51,2006-09-09,2016-06-17
24,52,1999-04-30,2025-01-02
24,53,2004-10-27,2017-05-18
24,54,2021-05-21,2024-12-15
24,55,1997-07-07,2015-08-12
24,56,2018-12-23,2024-06-12
24,57,2017-04-20,2020-01-03
24,58,2020-07-23,2021-08-01
24,59,2025-01-07,
24,60,1990-04-21,1998-09-10
24,61,2003-10-04,2020-11-12
24,62,2004-04-30,2022-12-30
24,63,2003-08-11,2022-07-14
24,64,2002-10-22,2022-08-31
24,65,2016-03-22,2022-01-11
24,66,2017-06-20,2019-02-15
24,67,2010-02-04,2022-04-09
24,68,1997-12-08,2021-07-27
24,69,2018-01-17,2022-06-28
24,70,1991-04-29,2024-05-17
24,71,2018-04-19,2020-02-15
24,72,2021-10-13,2023-11-15
24,73,2000-02-29,2017-06-16
24,74,2010-04-28,2022-04-15
24,75,2013-06-09,2015-04-15
24,76,1999-05-05,2010-05-10
24,77,1995-09-19,2002-04-25
24,78,2003-05-01,2021-06-09
24,79,1990-04-30,2012-03-24
24,80,2016-04-30,2018-01-18
24,81,1997-12-10,2021-06-03
24,82,1993-03-31,2011-07-25
24,83,1996-05-17,2002-04-19
24,84,2018-08-12,2024-07-05
24,85,2004-04-03,2014-02-15
24,86,1996-10-07,2001-03-01
24,87,2023-03-06,2024-04-22
24,88,2013-09-02,2023-02-25
24,89,2001-12-11,2025-03-31
24,90,2009-07-17,2021-08-08
24,91,2019-11-24,2022-10-16
24,92,1990-07-23,1999-08-27
24,93,1994-07-02,2022-12-02
24,94,2001-05-02,2011-03-28
24,95,1997-09-29,2023-06-05
24,96,2021-01-26,2022-09-13
24,97,2021-06-16,2022-07-14
24,98,2000-10-18,2019-02-14
24,99,2007-09-25,2023-02-20
24,100,2002-02-02,2013-11-08
25,1,2008-11-01,2010-10-15
25,2,1993-03-21,2025-01-24
25,3,1990-05-22,2019-03-27
25,4,2010-12-10,2023-10-08
25,5,1999-09-10,2007-03-29
25,6,1997-05-06,2018-10-13
25,7,1991-08-07,1996-02-29
25,8,2010-12-07,2019-05-08
25,9,1997-07-20,2018-04-11
25,10,1992-03-27,2004-12-05
25,11,2018-11-09,2023-05-27
25,12,2004-07-29,2019-08-20
25,13,2000-11-01,2016-04-06
25,14,2014-05-24,2024-04-01
25,15,2003-11-11,2011-12-04
25,16,2021-05-16,2023-08-22
25,17,2013-11-25,2021-03-02
25,18,1990-05-26,2006-01-04
25,19,2017-10-15,2022-11-24
25,20,2012-08-18,2023-09-15
25,21,2006-06-24,2024-07-11
25,22,1996-10-10,1999-11-26
25,23,2006-04-29,2017-06-27
25,24,1998-07-17,2013-07-24
25,25,2005-09-16,2010-07-19
25,26,1993-05-27,1995-06-27
25,27,2013-08-21,2018-01-02
25,28,2007-01-02,2015-09-08
25,29,1990-12-23,2015-06-19
25,30,2019-03-01,2024-11-29
25,31,2000-04-21,2010-09-02
25,32,2015-11-18,2017-05-25
25,33,2005-05-15,2025-01-14
25,34,1999-09-28,2002-09-04
25,35,2016-06-14,2020-12-25
25,36,2003-03-24,2023-12-30
25,37,1996-02-26,2006-10-05
25,38,2018-04-02,2025-01-02
25,39,2011-11-01,2025-01-02
25,40,2019-12-05,2025-02-12
25,41,2020-07-20,2024-01-10
25,42,2019-05-14,2022-07-06
25,43,1999-05-11,2022-04-30
25,44,2025-01-27,
25,45,2024-03-19,2025-03-27
25,46,2001-01-02,2005-04-04
25,47,1999-01-09,2007-11-25
25,48,2010-03-07,2022-05-04
25,49,1995-01-09,2002-01-26
25,50,2012-07-27,2016-10-19
25,51,2016-11-26,2023-02-06
25,52,1994-02-24,2020-10-09
25,53,2008-07-19,2022-04-04
25,54,1990-05-08,1996-04-26
25,55,2015-12-19,2019-06-03
25,56,2006-11-13,2016-12-23
25,57,2012-09-27,2017-05-16
25,58,2018-01-16,2020-09-29
25,59,2012-06-16,2013-07-09
25,60,2005-10-02,2014-03-31
25,61,2006-01-24,2014-08-12
25,62,1999-11-22,2020-09-19
25,63,2010-05-06,2021-09-03
25,64,2020-11-13,2023-02-04
25,65,2003-10-17,2019-04-23
25,66,2009-05-31,2024-01-01
25,67,1994-10-08,2017-09-20
25,68,2019-07-03,2020-12-10
25,69,2019-06-28,2024-08-22
25,70,2012-02-07,2014-12-31
25,71,1998-06-02,2024-07-08
25,72,2008-06-01,2018-08-16
25,73,2017-07-22,2021-06-08
25,74,2014-09-04,2022-12-22
25,75,2022-11-12,2024-09-21
25,76,1999-09-16,2002-03-27
25,77,2015-03-17,2019-12-22
25,78,2002-12-21,2023-10-18
25,79,2006-07-18,2019-02-14
25,80,2000-04-26,2020-01-12
25,81,2011-10-15,2023-09-18
