NumStatutContrat;NumProcedureRH;OrdreProcedure;;;;;;;;;;;
1;1;1;;;;;;;;;;;
1;3;2;;;;;;;;;;;
1;12;3;;;;;;;;;;;
1;2;4;;;;;;;;;;;
1;8;5;;;;;;;;;;;
1;14;6;;;;;;;;;;;
1;4;7;;;;;;;;;;;
1;13;8;;;;;;;;;;;
1;6;9;;;;;;;;;;;
2;1;1;;;;;;;;;;;
2;12;2;;;;;;;;;;;
2;14;3;;;;;;;;;;;
2;9;4;;;;;;;;;;;
2;2;5;;;;;;;;;;;
2;4;6;;;;;;;;;;;
2;10;7;;;;;;;;;;;
2;11;8;;;;;;;;;;;
2;5;9;;;;;;;;;;;
2;6;10;;;;;;;;;;;
3;1;1;;;;;;;;;;;
3;7;2;;;;;;;;;;;
3;2;3;;;;;;;;;;;
3;13;4;;;;;;;;;;;
4;1;1;;;;;;;;;;;
4;7;2;;;;;;;;;;;
4;2;3;;;;;;;;;;;
4;4;4;;;;;;;;;;;
4;13;5;;;;;;;;;;;
4;15;6;;;;;;;;;;;
5;14;1;;;;;;;;;;;
5;7;2;;;;;;;;;;;
5;4;3;;;;;;;;;;;
5;16;4;;;;;;;;;;;
