NumPersonne,NumProjet,Role
1,1,Développeur
1,2,Chef de projet
1,3,Testeur
1,4,Responsable de la communication
1,5,Coordinateur
1,6,Chef de projet
1,7,Développeur
1,8,Coordinateur
1,9,Coordinateur
1,10,Consultant
1,11,Développeur
1,12,Coordinateur
1,13,Développeur
1,14,Coordinateur
1,15,Consultant
2,1,Testeur
2,2,Coordinateur
2,3,Responsable de la communication
2,4,Développeur
2,5,Consultant
2,6,Consultant
2,7,Testeur
2,8,Coordinateur
2,9,Chef de projet
2,10,Chef de projet
2,11,Responsable de la communication
2,12,Consultant
2,13,Consultant
2,14,Testeur
2,15,Coordinateur
3,1,Responsable de la communication
3,2,Consultant
3,3,Testeur
3,4,Testeur
3,5,Responsable de la communication
3,6,Coordinateur
3,7,Coordinateur
3,8,Développeur
3,9,Testeur
3,10,Rédacteur
3,11,Développeur
3,12,Testeur
3,13,Responsable de la communication
3,14,Responsable de la communication
3,15,Développeur
4,1,Testeur
4,2,Coordinateur
4,3,Coordinateur
4,4,Coordinateur
4,5,Responsable de la communication
4,6,Coordinateur
4,7,Coordinateur
4,8,Consultant
4,9,Rédacteur
4,10,Testeur
4,11,Développeur
4,12,Consultant
4,13,Chef de projet
4,14,Testeur
4,15,Rédacteur
5,1,Développeur
5,2,Responsable de la communication
5,3,Consultant
5,4,Responsable de la communication
5,5,Responsable de la communication
5,6,Développeur
5,7,Consultant
5,8,Testeur
5,9,Rédacteur
5,10,Testeur
5,11,Chef de projet
5,12,Responsable de la communication
5,13,Testeur
5,14,Consultant
5,15,Coordinateur
6,1,Développeur
6,2,Responsable de la communication
6,3,Responsable de la communication
6,4,Rédacteur
6,5,Coordinateur
6,6,Responsable de la communication
6,7,Développeur
6,8,Consultant
6,9,Consultant
6,10,Responsable de la communication
6,11,Responsable de la communication
6,12,Responsable de la communication
6,13,Consultant
6,14,Rédacteur
6,15,Coordinateur
7,1,Développeur
7,2,Développeur
7,3,Responsable de la communication
7,4,Testeur
7,5,Développeur
7,6,Testeur
7,7,Responsable de la communication
7,8,Consultant
7,9,Coordinateur
7,10,Chef de projet
7,11,Chef de projet
7,12,Consultant
7,13,Rédacteur
7,14,Consultant
7,15,Chef de projet
8,1,Chef de projet
8,2,Chef de projet
8,3,Testeur
8,4,Testeur
8,5,Consultant
8,6,Coordinateur
8,7,Développeur
8,8,Rédacteur
8,9,Chef de projet
8,10,Coordinateur
8,11,Développeur
8,12,Rédacteur
8,13,Chef de projet
8,14,Consultant
8,15,Développeur
9,1,Chef de projet
9,2,Testeur
9,3,Testeur
9,4,Consultant
9,5,Développeur
9,6,Coordinateur
9,7,Rédacteur
9,8,Testeur
9,9,Développeur
9,10,Chef de projet
9,11,Rédacteur
9,12,Responsable de la communication
9,13,Chef de projet
9,14,Coordinateur
9,15,Chef de projet
10,1,Chef de projet
10,2,Chef de projet
10,3,Consultant
10,4,Coordinateur
10,5,Développeur
10,6,Rédacteur
10,7,Chef de projet
10,8,Chef de projet
10,9,Responsable de la communication
10,10,Testeur
10,11,Consultant
10,12,Responsable de la communication
10,13,Chef de projet
10,14,Coordinateur
10,15,Responsable de la communication
11,1,Testeur
11,2,Consultant
11,3,Développeur
11,4,Responsable de la communication
11,5,Chef de projet
11,6,Consultant
11,7,Chef de projet
11,8,Rédacteur
11,9,Rédacteur
11,10,Consultant
11,11,Rédacteur
11,12,Coordinateur
11,13,Chef de projet
11,14,Consultant
11,15,Responsable de la communication
12,1,Responsable de la communication
12,2,Coordinateur
12,3,Développeur
12,4,Développeur
12,5,Consultant
12,6,Responsable de la communication
12,7,Coordinateur
12,8,Responsable de la communication
12,9,Rédacteur
12,10,Chef de projet
12,11,Coordinateur
12,12,Responsable de la communication
12,13,Consultant
12,14,Coordinateur
12,15,Consultant
13,1,Coordinateur
13,2,Testeur
13,3,Rédacteur
13,4,Consultant
13,5,Consultant
13,6,Testeur
13,7,Chef de projet
13,8,Développeur
13,9,Testeur
13,10,Chef de projet
13,11,Responsable de la communication
13,12,Consultant
13,13,Testeur
13,14,Développeur
13,15,Développeur
14,1,Coordinateur
14,2,Coordinateur
14,3,Testeur
14,4,Testeur
14,5,Rédacteur
14,6,Développeur
14,7,Coordinateur
14,8,Chef de projet
14,9,Rédacteur
14,10,Chef de projet
14,11,Rédacteur
14,12,Responsable de la communication
14,13,Consultant
14,14,Responsable de la communication
14,15,Consultant
15,1,Développeur
15,2,Chef de projet
15,3,Rédacteur
15,4,Consultant
15,5,Coordinateur
15,6,Développeur
15,7,Coordinateur
15,8,Chef de projet
15,9,Rédacteur
15,10,Testeur
15,11,Développeur
15,12,Consultant
15,13,Rédacteur
15,14,Rédacteur
15,15,Développeur
16,1,Développeur
16,2,Testeur
16,3,Testeur
16,4,Consultant
16,5,Chef de projet
16,6,Responsable de la communication
16,7,Testeur
16,8,Consultant
16,9,Testeur
16,10,Rédacteur
16,11,Coordinateur
16,12,Chef de projet
16,13,Consultant
16,14,Testeur
16,15,Développeur
17,1,Rédacteur
17,2,Rédacteur
17,3,Coordinateur
17,4,Coordinateur
17,5,Chef de projet
17,6,Consultant
17,7,Testeur
17,8,Développeur
17,9,Coordinateur
17,10,Chef de projet
17,11,Responsable de la communication
17,12,Développeur
17,13,Chef de projet
17,14,Responsable de la communication
17,15,Consultant
18,1,Testeur
18,2,Rédacteur
18,3,Testeur
18,4,Testeur
18,5,Testeur
18,6,Responsable de la communication
18,7,Coordinateur
18,8,Consultant
18,9,Consultant
18,10,Responsable de la communication
18,11,Coordinateur
18,12,Chef de projet
18,13,Développeur
18,14,Coordinateur
18,15,Chef de projet
19,1,Rédacteur
19,2,Coordinateur
19,3,Développeur
19,4,Consultant
19,5,Testeur
19,6,Développeur
19,7,Développeur
19,8,Développeur
19,9,Rédacteur
19,10,Rédacteur
19,11,Testeur
19,12,Testeur
19,13,Chef de projet
19,14,Chef de projet
19,15,Développeur
20,1,Coordinateur
20,2,Chef de projet
20,3,Développeur
20,4,Développeur
20,5,Développeur
20,6,Responsable de la communication
20,7,Responsable de la communication
20,8,Testeur
20,9,Consultant
20,10,Coordinateur
20,11,Coordinateur
20,12,Consultant
20,13,Rédacteur
20,14,Responsable de la communication
20,15,Rédacteur
21,1,Testeur
21,2,Développeur
21,3,Coordinateur
21,4,Responsable de la communication
21,5,Chef de projet
21,6,Rédacteur
21,7,Rédacteur
21,8,Consultant
21,9,Coordinateur
21,10,Consultant
21,11,Responsable de la communication
21,12,Développeur
21,13,Consultant
21,14,Coordinateur
21,15,Coordinateur
22,1,Testeur
22,2,Responsable de la communication
22,3,Consultant
22,4,Consultant
22,5,Testeur
22,6,Rédacteur
22,7,Testeur
22,8,Testeur
22,9,Développeur
22,10,Chef de projet
22,11,Rédacteur
22,12,Testeur
22,13,Développeur
22,14,Chef de projet
22,15,Coordinateur
23,1,Consultant
23,2,Testeur
23,3,Coordinateur
23,4,Développeur
23,5,Consultant
23,6,Rédacteur
23,7,Testeur
23,8,Développeur
23,9,Chef de projet
23,10,Développeur
23,11,Développeur
23,12,Coordinateur
23,13,Responsable de la communication
23,14,Développeur
23,15,Développeur
24,1,Chef de projet
24,2,Coordinateur
24,3,Coordinateur
24,4,Chef de projet
24,5,Chef de projet
24,6,Responsable de la communication
24,7,Consultant
24,8,Coordinateur
24,9,Consultant
24,10,Rédacteur
24,11,Responsable de la communication
24,12,Responsable de la communication
24,13,Rédacteur
24,14,Testeur
24,15,Responsable de la communication
25,1,Chef de projet
25,2,Consultant
25,3,Rédacteur
25,4,Responsable de la communication
25,5,Consultant
25,6,Testeur
25,7,Chef de projet
25,8,Chef de projet
25,9,Chef de projet
25,10,Développeur
25,11,Développeur
25,12,Testeur
25,13,Chef de projet
25,14,Coordinateur
25,15,Responsable de la communication
26,1,Coordinateur
26,2,Développeur
26,3,Développeur
26,4,Coordinateur
26,5,Rédacteur
26,6,Testeur
26,7,Rédacteur
26,8,Chef de projet
26,9,Consultant
26,10,Consultant
26,11,Rédacteur
26,12,Rédacteur
26,13,Consultant
26,14,Rédacteur
26,15,Testeur
27,1,Développeur
27,2,Rédacteur
27,3,Développeur
27,4,Développeur
27,5,Chef de projet
27,6,Consultant
27,7,Rédacteur
27,8,Rédacteur
27,9,Coordinateur
27,10,Développeur
27,11,Rédacteur
27,12,Consultant
27,13,Consultant
27,14,Développeur
27,15,Testeur
28,1,Responsable de la communication
28,2,Rédacteur
28,3,Consultant
28,4,Consultant
28,5,Testeur
28,6,Coordinateur
28,7,Chef de projet
28,8,Chef de projet
28,9,Rédacteur
28,10,Responsable de la communication
28,11,Consultant
28,12,Consultant
28,13,Responsable de la communication
28,14,Testeur
28,15,Rédacteur
29,1,Coordinateur
29,2,Testeur
29,3,Développeur
29,4,Chef de projet
29,5,Chef de projet
29,6,Consultant
29,7,Chef de projet
29,8,Chef de projet
29,9,Développeur
29,10,Testeur
29,11,Coordinateur
29,12,Responsable de la communication
29,13,Développeur
29,14,Rédacteur
29,15,Chef de projet
30,1,Rédacteur
30,2,Rédacteur
30,3,Coordinateur
30,4,Coordinateur
30,5,Consultant
30,6,Consultant
30,7,Développeur
30,8,Coordinateur
30,9,Testeur
30,10,Responsable de la communication
30,11,Développeur
30,12,Testeur
30,13,Testeur
30,14,Testeur
30,15,Développeur
31,1,Testeur
31,2,Coordinateur
31,3,Rédacteur
31,4,Développeur
31,5,Rédacteur
31,6,Testeur
31,7,Responsable de la communication
31,8,Chef de projet
31,9,Responsable de la communication
31,10,Testeur
31,11,Développeur
31,12,Rédacteur
31,13,Rédacteur
31,14,Chef de projet
31,15,Développeur
32,1,Responsable de la communication
32,2,Chef de projet
32,3,Coordinateur
32,4,Développeur
32,5,Coordinateur
32,6,Développeur
32,7,Développeur
32,8,Développeur
32,9,Chef de projet
32,10,Développeur
32,11,Rédacteur
32,12,Développeur
32,13,Rédacteur
32,14,Coordinateur
32,15,Chef de projet
33,1,Coordinateur
33,2,Chef de projet
33,3,Responsable de la communication
33,4,Développeur
33,5,Testeur
33,6,Consultant
33,7,Testeur
33,8,Consultant
33,9,Rédacteur
33,10,Coordinateur
33,11,Testeur
33,12,Chef de projet
33,13,Chef de projet
33,14,Coordinateur
33,15,Coordinateur
34,1,Développeur
34,2,Rédacteur
34,3,Développeur
34,4,Rédacteur
34,5,Responsable de la communication
34,6,Rédacteur
34,7,Testeur
34,8,Consultant
34,9,Coordinateur
34,10,Développeur
34,11,Chef de projet
34,12,Responsable de la communication
34,13,Rédacteur
34,14,Coordinateur
34,15,Consultant
35,1,Rédacteur
35,2,Chef de projet
35,3,Consultant
35,4,Développeur
35,5,Responsable de la communication
35,6,Rédacteur
35,7,Coordinateur
35,8,Responsable de la communication
35,9,Responsable de la communication
35,10,Coordinateur
35,11,Responsable de la communication
35,12,Développeur
35,13,Testeur
35,14,Développeur
35,15,Consultant
36,1,Rédacteur
36,2,Chef de projet
36,3,Chef de projet
36,4,Chef de projet
36,5,Responsable de la communication
36,6,Responsable de la communication
36,7,Responsable de la communication
36,8,Chef de projet
36,9,Développeur
36,10,Responsable de la communication
36,11,Rédacteur
36,12,Rédacteur
36,13,Développeur
36,14,Développeur
36,15,Chef de projet
37,1,Responsable de la communication
37,2,Responsable de la communication
37,3,Chef de projet
37,4,Chef de projet
37,5,Responsable de la communication
37,6,Testeur
37,7,Chef de projet
37,8,Rédacteur
37,9,Rédacteur
37,10,Coordinateur
37,11,Développeur
37,12,Consultant
37,13,Coordinateur
37,14,Testeur
37,15,Consultant
38,1,Testeur
38,2,Rédacteur
38,3,Rédacteur
38,4,Consultant
38,5,Responsable de la communication
38,6,Responsable de la communication
38,7,Chef de projet
38,8,Testeur
38,9,Consultant
38,10,Rédacteur
38,11,Consultant
38,12,Chef de projet
38,13,Testeur
38,14,Testeur
38,15,Rédacteur
39,1,Consultant
39,2,Testeur
39,3,Consultant
39,4,Responsable de la communication
39,5,Coordinateur
39,6,Chef de projet
39,7,Coordinateur
39,8,Coordinateur
39,9,Rédacteur
39,10,Coordinateur
39,11,Coordinateur
39,12,Testeur
39,13,Consultant
39,14,Chef de projet
39,15,Chef de projet
40,1,Consultant
40,2,Coordinateur
40,3,Consultant
40,4,Testeur
40,5,Rédacteur
40,6,Rédacteur
40,7,Développeur
40,8,Responsable de la communication
40,9,Rédacteur
40,10,Coordinateur
40,11,Coordinateur
40,12,Développeur
40,13,Consultant
40,14,Coordinateur
40,15,Responsable de la communication
41,1,Développeur
41,2,Testeur
41,3,Testeur
41,4,Rédacteur
41,5,Coordinateur
41,6,Chef de projet
41,7,Consultant
41,8,Chef de projet
41,9,Chef de projet
41,10,Coordinateur
41,11,Responsable de la communication
41,12,Responsable de la communication
41,13,Rédacteur
41,14,Consultant
41,15,Consultant
42,1,Chef de projet
42,2,Coordinateur
42,3,Rédacteur
42,4,Rédacteur
42,5,Coordinateur
42,6,Chef de projet
42,7,Développeur
42,8,Testeur
42,9,Chef de projet
42,10,Responsable de la communication
42,11,Rédacteur
42,12,Consultant
42,13,Développeur
42,14,Responsable de la communication
42,15,Testeur
43,1,Développeur
43,2,Rédacteur
43,3,Consultant
43,4,Développeur
43,5,Chef de projet
43,6,Chef de projet
43,7,Coordinateur
43,8,Testeur
43,9,Chef de projet
43,10,Développeur
43,11,Responsable de la communication
43,12,Responsable de la communication
43,13,Chef de projet
43,14,Responsable de la communication
43,15,Consultant
44,1,Consultant
44,2,Développeur
44,3,Coordinateur
44,4,Chef de projet
44,5,Consultant
44,6,Responsable de la communication
44,7,Testeur
44,8,Consultant
44,9,Rédacteur
44,10,Responsable de la communication
44,11,Rédacteur
44,12,Responsable de la communication
44,13,Responsable de la communication
44,14,Coordinateur
44,15,Testeur
45,1,Rédacteur
45,2,Consultant
45,3,Responsable de la communication
45,4,Coordinateur
45,5,Chef de projet
45,6,Testeur
45,7,Testeur
45,8,Développeur
45,9,Rédacteur
45,10,Consultant
45,11,Coordinateur
45,12,Testeur
45,13,Consultant
45,14,Rédacteur
45,15,Coordinateur
46,1,Responsable de la communication
46,2,Responsable de la communication
46,3,Testeur
46,4,Rédacteur
46,5,Développeur
46,6,Rédacteur
46,7,Développeur
46,8,Consultant
46,9,Coordinateur
46,10,Consultant
46,11,Rédacteur
46,12,Chef de projet
46,13,Rédacteur
46,14,Consultant
46,15,Coordinateur
47,1,Consultant
47,2,Chef de projet
47,3,Développeur
47,4,Consultant
47,5,Développeur
47,6,Coordinateur
47,7,Chef de projet
47,8,Coordinateur
47,9,Développeur
47,10,Développeur
47,11,Rédacteur
47,12,Responsable de la communication
47,13,Testeur
47,14,Coordinateur
47,15,Consultant
48,1,Rédacteur
48,2,Rédacteur
48,3,Testeur
48,4,Coordinateur
48,5,Testeur
48,6,Consultant
48,7,Responsable de la communication
48,8,Rédacteur
48,9,Chef de projet
48,10,Consultant
48,11,Chef de projet
48,12,Chef de projet
48,13,Développeur
48,14,Chef de projet
48,15,Testeur
49,1,Rédacteur
49,2,Responsable de la communication
49,3,Chef de projet
49,4,Développeur
49,5,Responsable de la communication
49,6,Responsable de la communication
49,7,Responsable de la communication
49,8,Testeur
49,9,Testeur
49,10,Consultant
49,11,Coordinateur
49,12,Chef de projet
49,13,Rédacteur
49,14,Responsable de la communication
49,15,Rédacteur
50,1,Responsable de la communication
50,2,Chef de projet
50,3,Consultant
50,4,Coordinateur
50,5,Rédacteur
50,6,Chef de projet
50,7,Consultant
50,8,Consultant
50,9,Chef de projet
50,10,Responsable de la communication
50,11,Rédacteur
50,12,Responsable de la communication
50,13,Développeur
50,14,Responsable de la communication
50,15,Coordinateur
51,1,Consultant
51,2,Responsable de la communication
51,3,Coordinateur
51,4,Responsable de la communication
51,5,Chef de projet
51,6,Consultant
51,7,Chef de projet
51,8,Responsable de la communication
51,9,Rédacteur
51,10,Consultant
51,11,Responsable de la communication
51,12,Développeur
51,13,Développeur
51,14,Rédacteur
51,15,Développeur
52,1,Consultant
52,2,Rédacteur
52,3,Coordinateur
52,4,Responsable de la communication
52,5,Développeur
52,6,Coordinateur
52,7,Développeur
52,8,Testeur
52,9,Chef de projet
52,10,Rédacteur
52,11,Responsable de la communication
52,12,Chef de projet
52,13,Consultant
52,14,Responsable de la communication
52,15,Consultant
53,1,Rédacteur
53,2,Responsable de la communication
53,3,Coordinateur
53,4,Responsable de la communication
53,5,Coordinateur
53,6,Responsable de la communication
53,7,Responsable de la communication
53,8,Développeur
53,9,Consultant
53,10,Coordinateur
53,11,Responsable de la communication
53,12,Rédacteur
53,13,Coordinateur
53,14,Testeur
53,15,Responsable de la communication
54,1,Testeur
54,2,Responsable de la communication
54,3,Développeur
54,4,Développeur
54,5,Consultant
54,6,Développeur
54,7,Chef de projet
54,8,Coordinateur
54,9,Testeur
54,10,Coordinateur
54,11,Consultant
54,12,Coordinateur
54,13,Responsable de la communication
54,14,Coordinateur
54,15,Chef de projet
55,1,Responsable de la communication
55,2,Consultant
55,3,Testeur
55,4,Chef de projet
55,5,Chef de projet
55,6,Testeur
55,7,Chef de projet
55,8,Consultant
55,9,Chef de projet
55,10,Développeur
55,11,Responsable de la communication
55,12,Coordinateur
55,13,Développeur
55,14,Coordinateur
55,15,Développeur
56,1,Rédacteur
56,2,Testeur
56,3,Chef de projet
56,4,Développeur
56,5,Responsable de la communication
56,6,Testeur
56,7,Responsable de la communication
56,8,Testeur
56,9,Rédacteur
56,10,Développeur
56,11,Rédacteur
56,12,Chef de projet
56,13,Développeur
56,14,Responsable de la communication
56,15,Responsable de la communication
57,1,Coordinateur
57,2,Consultant
57,3,Chef de projet
57,4,Chef de projet
57,5,Testeur
57,6,Responsable de la communication
57,7,Chef de projet
57,8,Chef de projet
57,9,Consultant
57,10,Coordinateur
57,11,Consultant
57,12,Rédacteur
57,13,Testeur
57,14,Rédacteur
57,15,Développeur
58,1,Coordinateur
58,2,Rédacteur
58,3,Consultant
58,4,Testeur
58,5,Testeur
58,6,Coordinateur
58,7,Coordinateur
58,8,Consultant
58,9,Rédacteur
58,10,Développeur
58,11,Chef de projet
58,12,Testeur
58,13,Chef de projet
58,14,Responsable de la communication
58,15,Chef de projet
59,1,Coordinateur
59,2,Rédacteur
59,3,Chef de projet
59,4,Testeur
59,5,Développeur
59,6,Coordinateur
59,7,Testeur
59,8,Chef de projet
59,9,Développeur
59,10,Coordinateur
59,11,Consultant
59,12,Consultant
59,13,Consultant
59,14,Développeur
59,15,Testeur
60,1,Développeur
60,2,Rédacteur
60,3,Rédacteur
60,4,Rédacteur
60,5,Développeur
60,6,Chef de projet
60,7,Rédacteur
60,8,Rédacteur
60,9,Consultant
60,10,Consultant
60,11,Testeur
60,12,Responsable de la communication
60,13,Développeur
60,14,Consultant
60,15,Testeur
61,1,Rédacteur
61,2,Consultant
61,3,Chef de projet
61,4,Rédacteur
61,5,Chef de projet
61,6,Responsable de la communication
61,7,Responsable de la communication
61,8,Coordinateur
61,9,Testeur
61,10,Responsable de la communication
61,11,Responsable de la communication
61,12,Consultant
61,13,Chef de projet
61,14,Développeur
61,15,Coordinateur
62,1,Consultant
62,2,Consultant
62,3,Chef de projet
62,4,Développeur
62,5,Développeur
62,6,Coordinateur
62,7,Développeur
62,8,Testeur
62,9,Développeur
62,10,Chef de projet
62,11,Responsable de la communication
62,12,Coordinateur
62,13,Consultant
62,14,Coordinateur
62,15,Testeur
63,1,Rédacteur
63,2,Rédacteur
63,3,Rédacteur
63,4,Testeur
63,5,Rédacteur
63,6,Développeur
63,7,Testeur
63,8,Développeur
63,9,Responsable de la communication
63,10,Chef de projet
63,11,Consultant
63,12,Testeur
63,13,Rédacteur
63,14,Testeur
63,15,Chef de projet
64,1,Consultant
64,2,Rédacteur
64,3,Responsable de la communication
64,4,Développeur
64,5,Chef de projet
64,6,Rédacteur
64,7,Consultant
64,8,Testeur
64,9,Coordinateur
64,10,Consultant
64,11,Testeur
64,12,Consultant
64,13,Développeur
64,14,Responsable de la communication
64,15,Coordinateur
65,1,Rédacteur
65,2,Chef de projet
65,3,Chef de projet
65,4,Testeur
65,5,Chef de projet
65,6,Testeur
65,7,Chef de projet
65,8,Coordinateur
65,9,Coordinateur
65,10,Testeur
65,11,Chef de projet
65,12,Développeur
65,13,Chef de projet
65,14,Rédacteur
65,15,Consultant
66,1,Consultant
66,2,Coordinateur
66,3,Chef de projet
66,4,Coordinateur
66,5,Consultant
66,6,Coordinateur
66,7,Rédacteur
66,8,Chef de projet
66,9,Chef de projet
66,10,Chef de projet
66,11,Testeur
66,12,Chef de projet
66,13,Rédacteur
66,14,Rédacteur
66,15,Responsable de la communication
67,1,Rédacteur
67,2,Développeur
67,3,Consultant
67,4,Rédacteur
67,5,Responsable de la communication
67,6,Testeur
67,7,Développeur
67,8,Développeur
67,9,Coordinateur
,,
,,
,,
,,
,,
,,
,,
,,
,,
,,
,,
,,
,,
,,
,,
,,
,,
,,
,,
,,
,,
,,
,,
,,
,,
,,
,,
,,
,,
,,
,,
,,
,,
,,
,,
,,
,,
,,
,,
,,
,,
,,
,,
,,
,,
,,
,,
,,
,,
,,
,,
,,
,,
,,
,,
,,
,,
,,
,,
,,
,,
,,
,,
,,
,,
,,
,,
,,
,,
,,
,,
,,
,,
,,
,,
,,
,,
,,
,,
,,
,,
,,
,,
,,
,,
,,
,,
,,
,,
,,
,,
,,
,,
,,
,,
,,
,,
,,
,,
,,
,,
,,
,,
,,
,,
,,
,,
,,
,,
,,
,,
,,
,,
,,
,,
,,
,,
,,
,,
,,
,,
,,
,,
,,
,,
,,
,,
,,
,,
,,
,,
,,
,,
,,
,,
,,
,,
,,
,,
,,
,,
,,
,,
,,
,,
,,
,,
,,
,,
,,
,,
,,
,,
,,
,,
,,
,,
,,
,,
,,
,,
,,
,,
,,
,,
,,
,,
,,
,,
,,
,,
,,
,,
,,
,,
,,
,,
,,
,,
,,
,,
,,
,,
,,
,,
,,
,,
,,
,,
,,
,,
,,
,,
,,
,,
,,
,,
,,
,,
,,
,,
,,
,,
,,
,,
,,
,,
,,
,,
,,
,,
,,
,,
,,
,,
,,
,,
,,
,,
,,
,,
,,
,,
,,
,,
,,
,,
,,
,,
,,
,,
,,
,,
,,
,,
,,
,,
,,
,,
,,
,,
,,
,,
,,
,,
,,
,,
,,
,,
,,
,,
,,
,,
,,
,,
,,
,,
,,
,,
,,
,,
,,
,,
,,
,,
,,
,,
,,
,,
,,
,,
,,
,,
,,
,,
,,
,,
,,
,,
,,
,,
,,
,,
,,
,,
,,
,,
,,
,,
,,
,,
,,
,,
,,
,,
,,
,,
,,
,,
,,
,,
,,
,,
,,
,,
,,
,,
,,
,,
,,
,,
,,
,,
,,
,,
,,
,,
,,
,,
,,
,,
,,
,,
,,
,,
,,
,,
,,
,,
,,
,,
,,
,,
,,
,,
,,
,,
,,
,,
,,
,,
,,
,,
,,
,,
,,
,,
,,
,,
,,
,,
,,
,,
,,
,,
,,
,,
,,
,,
,,
,,
,,
,,
,,
,,
,,
,,
,,
,,
,,
,,
,,
,,
,,
,,
,,
,,
,,
,,
,,
,,
,,
,,
,,
,,
,,
,,
,,
,,
,,
,,
,,
,,
,,
,,
,,
,,
,,
,,
,,
,,
,,
,,
,,
,,
,,
,,
,,
,,
,,
,,
,,
,,
,,
,,
,,
,,
,,
,,
,,
,,
,,
,,
,,
,,
,,
,,
,,
,,
,,
,,
,,
,,
,,
,,
,,
,,
,,
,,
,,
,,
,,
,,
,,
,,
,,
,,
,,
,,
,,
,,
,,
,,
,,
,,
,,
,,
,,
,,
,,
,,
,,
,,
,,
,,
,,
,,
,,
,,
,,
,,
,,
,,
,,
,,
,,
,,
,,
,,
,,
,,
,,
,,
,,
,,
,,
,,
,,
,,
,,
,,
,,
,,
,,
,,
,,
,,
,,
,,
,,
,,
