numpersonne,numpublication,TypeContribution
1,1,Expérimentation
1,2,Idée
1,3,Relecteur
1,4,Méthode
1,5,Données
1,6,Données
1,7,Idée
1,8,Idée
1,9,Analyse
1,10,Analyse
1,11,Relecteur
1,12,Analyse
1,13,Méthode
1,14,Relecteur
1,15,Relecteur
1,16,Idée
1,17,Relecteur
1,18,Analyse
1,19,Écriture
1,20,Données
1,21,Écriture
1,22,Expérimentation
1,23,Expérimentation
1,24,Données
1,25,Données
1,26,Expérimentation
1,27,Données
1,28,Données
1,29,Relecteur
1,30,Données
1,31,Expérimentation
1,32,Écriture
1,33,Écriture
1,34,Analyse
1,35,Expérimentation
1,36,Expérimentation
1,37,Idée
1,38,Méthode
1,39,Idée
1,40,Méthode
1,41,Idée
1,42,Analyse
1,43,Idée
1,44,Écriture
1,45,Données
1,46,Analyse
1,47,Relecteur
1,48,Relecteur
1,49,Expérimentation
1,50,Données
1,51,Idée
1,52,Méthode
1,53,Méthode
1,54,Expérimentation
1,55,Analyse
1,56,Écriture
1,57,Analyse
1,58,Expérimentation
1,59,Analyse
1,60,Idée
2,1,Méthode
2,2,Expérimentation
2,3,Idée
2,4,Relecteur
2,5,Données
2,6,Données
2,7,Analyse
2,8,Données
2,9,Écriture
2,10,Données
2,11,Méthode
2,12,Méthode
2,13,Relecteur
2,14,Méthode
2,15,Expérimentation
2,16,Relecteur
2,17,Écriture
2,18,Analyse
2,19,Relecteur
2,20,Expérimentation
2,21,Relecteur
2,22,Relecteur
2,23,Expérimentation
2,24,Données
2,25,Expérimentation
2,26,Expérimentation
2,27,Analyse
2,28,Expérimentation
2,29,Analyse
2,30,Écriture
2,31,Idée
2,32,Idée
2,33,Analyse
2,34,Données
2,35,Données
2,36,Écriture
2,37,Relecteur
2,38,Écriture
2,39,Idée
2,40,Idée
2,41,Écriture
2,42,Données
2,43,Données
2,44,Données
2,45,Analyse
2,46,Idée
2,47,Relecteur
2,48,Écriture
2,49,Données
2,50,Analyse
2,51,Méthode
2,52,Écriture
2,53,Relecteur
2,54,Relecteur
2,55,Analyse
2,56,Analyse
2,57,Données
2,58,Analyse
2,59,Méthode
2,60,Écriture
3,1,Relecteur
3,2,Idée
3,3,Idée
3,4,Relecteur
3,5,Analyse
3,6,Données
3,7,Données
3,8,Idée
3,9,Données
3,10,Méthode
3,11,Données
3,12,Méthode
3,13,Relecteur
3,14,Écriture
3,15,Données
3,16,Expérimentation
3,17,Données
3,18,Expérimentation
3,19,Méthode
3,20,Écriture
3,21,Données
3,22,Méthode
3,23,Analyse
3,24,Relecteur
3,25,Écriture
3,26,Expérimentation
3,27,Relecteur
3,28,Données
3,29,Idée
3,30,Écriture
3,31,Relecteur
3,32,Idée
3,33,Méthode
3,34,Idée
3,35,Expérimentation
3,36,Relecteur
3,37,Expérimentation
3,38,Relecteur
3,39,Méthode
3,40,Relecteur
3,41,Relecteur
3,42,Analyse
3,43,Expérimentation
3,44,Idée
3,45,Expérimentation
3,46,Écriture
3,47,Relecteur
3,48,Écriture
3,49,Écriture
3,50,Relecteur
3,51,Écriture
3,52,Analyse
3,53,Analyse
3,54,Expérimentation
3,55,Écriture
3,56,Écriture
3,57,Écriture
3,58,Écriture
3,59,Relecteur
3,60,Écriture
4,1,Méthode
4,2,Écriture
4,3,Analyse
4,4,Données
4,5,Écriture
4,6,Relecteur
4,7,Idée
4,8,Analyse
4,9,Analyse
4,10,Méthode
4,11,Méthode
4,12,Expérimentation
4,13,Écriture
4,14,Écriture
4,15,Relecteur
4,16,Idée
4,17,Expérimentation
4,18,Analyse
4,19,Écriture
4,20,Écriture
4,21,Analyse
4,22,Expérimentation
4,23,Idée
4,24,Méthode
4,25,Analyse
4,26,Analyse
4,27,Idée
4,28,Analyse
4,29,Écriture
4,30,Méthode
4,31,Expérimentation
4,32,Méthode
4,33,Méthode
4,34,Données
4,35,Relecteur
4,36,Idée
4,37,Méthode
4,38,Relecteur
4,39,Idée
4,40,Expérimentation
4,41,Écriture
4,42,Analyse
4,43,Données
4,44,Relecteur
4,45,Idée
4,46,Expérimentation
4,47,Méthode
4,48,Méthode
4,49,Analyse
4,50,Relecteur
4,51,Données
4,52,Idée
4,53,Relecteur
4,54,Relecteur
4,55,Analyse
4,56,Données
4,57,Idée
4,58,Données
4,59,Données
4,60,Relecteur
5,1,Méthode
5,2,Expérimentation
5,3,Données
5,4,Données
5,5,Écriture
5,6,Idée
5,7,Expérimentation
5,8,Expérimentation
5,9,Données
5,10,Écriture
5,11,Relecteur
5,12,Écriture
5,13,Écriture
5,14,Idée
5,15,Écriture
5,16,Idée
5,17,Idée
5,18,Expérimentation
5,19,Idée
5,20,Écriture
5,21,Données
5,22,Analyse
5,23,Relecteur
5,24,Méthode
5,25,Analyse
5,26,Écriture
5,27,Méthode
5,28,Analyse
5,29,Données
5,30,Idée
5,31,Données
5,32,Écriture
5,33,Méthode
5,34,Idée
5,35,Relecteur
5,36,Données
5,37,Écriture
5,38,Expérimentation
5,39,Expérimentation
5,40,Écriture
5,41,Idée
5,42,Expérimentation
5,43,Relecteur
5,44,Idée
5,45,Relecteur
5,46,Données
5,47,Écriture
5,48,Relecteur
5,49,Écriture
5,50,Méthode
5,51,Écriture
5,52,Relecteur
5,53,Données
5,54,Relecteur
5,55,Données
5,56,Idée
5,57,Écriture
5,58,Relecteur
5,59,Méthode
5,60,Relecteur
6,1,Analyse
6,2,Données
6,3,Relecteur
6,4,Écriture
6,5,Analyse
6,6,Idée
6,7,Données
6,8,Écriture
6,9,Idée
6,10,Méthode
6,11,Relecteur
6,12,Expérimentation
6,13,Données
6,14,Méthode
6,15,Analyse
6,16,Relecteur
6,17,Analyse
6,18,Données
6,19,Relecteur
6,20,Écriture
6,21,Relecteur
6,22,Relecteur
6,23,Écriture
6,24,Écriture
6,25,Expérimentation
6,26,Expérimentation
6,27,Écriture
6,28,Analyse
6,29,Idée
6,30,Données
6,31,Expérimentation
6,32,Données
6,33,Données
6,34,Expérimentation
6,35,Idée
6,36,Écriture
6,37,Relecteur
6,38,Idée
6,39,Idée
6,40,Expérimentation
6,41,Écriture
6,42,Écriture
6,43,Méthode
6,44,Écriture
6,45,Expérimentation
6,46,Relecteur
6,47,Données
6,48,Idée
6,49,Analyse
6,50,Données
6,51,Analyse
6,52,Expérimentation
6,53,Expérimentation
6,54,Données
6,55,Données
6,56,Méthode
6,57,Expérimentation
6,58,Écriture
6,59,Analyse
6,60,Écriture
7,1,Méthode
7,2,Relecteur
7,3,Relecteur
7,4,Relecteur
7,5,Idée
7,6,Écriture
7,7,Données
7,8,Expérimentation
7,9,Données
7,10,Méthode
7,11,Écriture
7,12,Écriture
7,13,Idée
7,14,Méthode
7,15,Méthode
7,16,Analyse
7,17,Données
7,18,Expérimentation
7,19,Méthode
7,20,Méthode
7,21,Écriture
7,22,Écriture
7,23,Expérimentation
7,24,Données
7,25,Méthode
7,26,Expérimentation
7,27,Méthode
7,28,Expérimentation
7,29,Analyse
7,30,Méthode
7,31,Analyse
7,32,Relecteur
7,33,Relecteur
7,34,Expérimentation
7,35,Expérimentation
7,36,Idée
7,37,Écriture
7,38,Analyse
7,39,Écriture
7,40,Idée
7,41,Expérimentation
7,42,Relecteur
7,43,Idée
7,44,Expérimentation
7,45,Relecteur
7,46,Données
7,47,Données
7,48,Analyse
7,49,Analyse
7,50,Données
7,51,Écriture
7,52,Relecteur
7,53,Écriture
7,54,Méthode
7,55,Idée
7,56,Méthode
7,57,Écriture
7,58,Écriture
7,59,Écriture
7,60,Relecteur
8,1,Relecteur
8,2,Analyse
8,3,Idée
8,4,Relecteur
8,5,Analyse
8,6,Idée
8,7,Expérimentation
8,8,Écriture
8,9,Données
8,10,Relecteur
8,11,Analyse
8,12,Méthode
8,13,Analyse
8,14,Écriture
8,15,Expérimentation
8,16,Analyse
8,17,Méthode
8,18,Écriture
8,19,Expérimentation
8,20,Analyse
8,21,Données
8,22,Analyse
8,23,Relecteur
8,24,Méthode
8,25,Relecteur
8,26,Analyse
8,27,Analyse
8,28,Écriture
8,29,Idée
8,30,Données
8,31,Données
8,32,Analyse
8,33,Relecteur
8,34,Expérimentation
8,35,Analyse
8,36,Relecteur
8,37,Relecteur
8,38,Analyse
8,39,Données
8,40,Écriture
8,41,Idée
8,42,Expérimentation
8,43,Relecteur
8,44,Méthode
8,45,Idée
8,46,Expérimentation
8,47,Écriture
8,48,Analyse
8,49,Données
8,50,Données
8,51,Méthode
8,52,Relecteur
8,53,Méthode
8,54,Données
8,55,Relecteur
8,56,Écriture
8,57,Données
8,58,Analyse
8,59,Écriture
8,60,Relecteur
9,1,Analyse
9,2,Méthode
9,3,Écriture
9,4,Analyse
9,5,Idée
9,6,Idée
9,7,Expérimentation
9,8,Relecteur
9,9,Idée
9,10,Relecteur
9,11,Expérimentation
9,12,Méthode
9,13,Relecteur
9,14,Analyse
9,15,Méthode
9,16,Relecteur
9,17,Méthode
9,18,Données
9,19,Idée
9,20,Analyse
9,21,Relecteur
9,22,Écriture
9,23,Écriture
9,24,Idée
9,25,Idée
9,26,Expérimentation
9,27,Idée
9,28,Idée
9,29,Données
9,30,Expérimentation
9,31,Idée
9,32,Relecteur
9,33,Données
9,34,Expérimentation
9,35,Expérimentation
9,36,Analyse
9,37,Écriture
9,38,Analyse
9,39,Données
9,40,Données
9,41,Relecteur
9,42,Méthode
9,43,Données
9,44,Écriture
9,45,Relecteur
9,46,Idée
9,47,Idée
9,48,Analyse
9,49,Méthode
9,50,Méthode
9,51,Méthode
9,52,Idée
9,53,Méthode
9,54,Expérimentation
9,55,Relecteur
9,56,Idée
9,57,Expérimentation
9,58,Écriture
9,59,Données
9,60,Méthode
10,1,Relecteur
10,2,Expérimentation
10,3,Analyse
10,4,Idée
10,5,Données
10,6,Écriture
10,7,Données
10,8,Données
10,9,Analyse
10,10,Relecteur
10,11,Expérimentation
10,12,Idée
10,13,Écriture
10,14,Écriture
10,15,Expérimentation
10,16,Expérimentation
10,17,Analyse
10,18,Données
10,19,Écriture
10,20,Analyse
10,21,Analyse
10,22,Méthode
10,23,Méthode
10,24,Écriture
10,25,Expérimentation
10,26,Expérimentation
10,27,Analyse
10,28,Écriture
10,29,Expérimentation
10,30,Écriture
10,31,Analyse
10,32,Analyse
10,33,Méthode
10,34,Méthode
10,35,Analyse
10,36,Analyse
10,37,Méthode
10,38,Méthode
10,39,Données
10,40,Données
10,41,Analyse
10,42,Méthode
10,43,Analyse
10,44,Expérimentation
10,45,Relecteur
10,46,Écriture
10,47,Expérimentation
10,48,Expérimentation
10,49,Expérimentation
10,50,Données
10,51,Expérimentation
10,52,Analyse
10,53,Expérimentation
10,54,Expérimentation
10,55,Expérimentation
10,56,Idée
10,57,Données
10,58,Expérimentation
10,59,Méthode
10,60,Méthode
11,1,Données
11,2,Idée
11,3,Analyse
11,4,Données
11,5,Analyse
11,6,Relecteur
11,7,Relecteur
11,8,Expérimentation
11,9,Relecteur
11,10,Expérimentation
11,11,Expérimentation
11,12,Méthode
11,13,Analyse
11,14,Méthode
11,15,Idée
11,16,Expérimentation
11,17,Méthode
11,18,Méthode
11,19,Expérimentation
11,20,Écriture
11,21,Idée
11,22,Expérimentation
11,23,Expérimentation
11,24,Idée
11,25,Écriture
11,26,Analyse
11,27,Expérimentation
11,28,Données
11,29,Méthode
11,30,Analyse
11,31,Méthode
11,32,Données
11,33,Idée
11,34,Données
11,35,Méthode
11,36,Analyse
11,37,Analyse
11,38,Expérimentation
11,39,Méthode
11,40,Écriture
11,41,Données
11,42,Écriture
11,43,Écriture
11,44,Écriture
11,45,Relecteur
11,46,Méthode
11,47,Analyse
11,48,Expérimentation
11,49,Analyse
11,50,Relecteur
11,51,Données
11,52,Idée
11,53,Écriture
11,54,Données
11,55,Écriture
11,56,Idée
11,57,Données
11,58,Écriture
11,59,Données
11,60,Méthode
12,1,Écriture
12,2,Méthode
12,3,Données
12,4,Analyse
12,5,Relecteur
12,6,Méthode
12,7,Données
12,8,Relecteur
12,9,Données
12,10,Méthode
12,11,Relecteur
12,12,Analyse
12,13,Idée
12,14,Méthode
12,15,Idée
12,16,Expérimentation
12,17,Analyse
12,18,Données
12,19,Écriture
12,20,Idée
12,21,Idée
12,22,Méthode
12,23,Écriture
12,24,Expérimentation
12,25,Expérimentation
12,26,Méthode
12,27,Écriture
12,28,Expérimentation
12,29,Écriture
12,30,Analyse
12,31,Expérimentation
12,32,Méthode
12,33,Relecteur
12,34,Analyse
12,35,Idée
12,36,Expérimentation
12,37,Écriture
12,38,Relecteur
12,39,Méthode
12,40,Méthode
12,41,Idée
12,42,Idée
12,43,Relecteur
12,44,Relecteur
12,45,Relecteur
12,46,Écriture
12,47,Analyse
12,48,Expérimentation
12,49,Données
12,50,Données
12,51,Écriture
12,52,Analyse
12,53,Idée
12,54,Expérimentation
12,55,Relecteur
12,56,Idée
12,57,Relecteur
12,58,Données
12,59,Idée
12,60,Expérimentation
13,1,Relecteur
13,2,Analyse
13,3,Analyse
13,4,Expérimentation
13,5,Écriture
13,6,Expérimentation
13,7,Relecteur
13,8,Idée
13,9,Analyse
13,10,Idée
13,11,Méthode
13,12,Analyse
13,13,Idée
13,14,Méthode
13,15,Idée
13,16,Écriture
13,17,Écriture
13,18,Écriture
13,19,Analyse
13,20,Expérimentation
13,21,Méthode
13,22,Méthode
13,23,Expérimentation
13,24,Données
13,25,Écriture
13,26,Idée
13,27,Écriture
13,28,Expérimentation
13,29,Analyse
13,30,Expérimentation
13,31,Écriture
13,32,Idée
13,33,Relecteur
13,34,Idée
13,35,Expérimentation
13,36,Analyse
13,37,Analyse
13,38,Idée
13,39,Relecteur
13,40,Expérimentation
13,41,Analyse
13,42,Idée
13,43,Données
13,44,Relecteur
13,45,Méthode
13,46,Données
13,47,Méthode
13,48,Données
13,49,Données
13,50,Idée
13,51,Analyse
13,52,Expérimentation
13,53,Données
13,54,Expérimentation
13,55,Expérimentation
13,56,Méthode
13,57,Données
13,58,Idée
13,59,Relecteur
13,60,Données
14,1,Analyse
14,2,Idée
14,3,Relecteur
14,4,Écriture
14,5,Idée
14,6,Idée
14,7,Idée
14,8,Relecteur
14,9,Données
14,10,Écriture
14,11,Écriture
14,12,Expérimentation
14,13,Écriture
14,14,Analyse
14,15,Relecteur
14,16,Méthode
14,17,Expérimentation
14,18,Relecteur
14,19,Relecteur
14,20,Relecteur
14,21,Relecteur
14,22,Analyse
14,23,Analyse
14,24,Idée
14,25,Méthode
14,26,Données
14,27,Idée
14,28,Expérimentation
14,29,Méthode
14,30,Expérimentation
14,31,Données
14,32,Expérimentation
14,33,Écriture
14,34,Analyse
14,35,Méthode
14,36,Données
14,37,Analyse
14,38,Relecteur
14,39,Expérimentation
14,40,Écriture
14,41,Relecteur
14,42,Écriture
14,43,Méthode
14,44,Méthode
14,45,Relecteur
14,46,Analyse
14,47,Idée
14,48,Analyse
14,49,Expérimentation
14,50,Idée
14,51,Analyse
14,52,Expérimentation
14,53,Relecteur
14,54,Relecteur
14,55,Expérimentation
14,56,Méthode
14,57,Méthode
14,58,Relecteur
14,59,Expérimentation
14,60,Écriture
15,1,Relecteur
15,2,Idée
15,3,Données
15,4,Écriture
15,5,Écriture
15,6,Expérimentation
15,7,Idée
15,8,Idée
15,9,Analyse
15,10,Expérimentation
15,11,Méthode
15,12,Méthode
15,13,Expérimentation
15,14,Données
15,15,Données
15,16,Méthode
15,17,Idée
15,18,Méthode
15,19,Analyse
15,20,Méthode
15,21,Idée
15,22,Écriture
15,23,Idée
15,24,Relecteur
15,25,Méthode
15,26,Idée
15,27,Données
15,28,Idée
15,29,Expérimentation
15,30,Relecteur
15,31,Relecteur
15,32,Analyse
15,33,Idée
15,34,Relecteur
15,35,Expérimentation
15,36,Analyse
15,37,Méthode
15,38,Méthode
15,39,Relecteur
15,40,Données
15,41,Analyse
15,42,Expérimentation
15,43,Expérimentation
15,44,Analyse
15,45,Idée
15,46,Écriture
15,47,Écriture
15,48,Analyse
15,49,Écriture
15,50,Données
15,51,Relecteur
15,52,Analyse
15,53,Idée
15,54,Écriture
15,55,Écriture
15,56,Écriture
15,57,Analyse
15,58,Expérimentation
15,59,Analyse
15,60,Données
16,1,Expérimentation
16,2,Analyse
16,3,Relecteur
16,4,Expérimentation
16,5,Idée
16,6,Expérimentation
16,7,Méthode
16,8,Écriture
16,9,Relecteur
16,10,Analyse
16,11,Analyse
16,12,Idée
16,13,Expérimentation
16,14,Données
16,15,Données
16,16,Écriture
16,17,Données
16,18,Idée
16,19,Méthode
16,20,Données
16,21,Idée
16,22,Expérimentation
16,23,Analyse
16,24,Méthode
16,25,Relecteur
16,26,Idée
16,27,Écriture
16,28,Idée
16,29,Expérimentation
16,30,Données
16,31,Relecteur
16,32,Relecteur
16,33,Expérimentation
16,34,Expérimentation
16,35,Méthode
16,36,Écriture
16,37,Données
16,38,Idée
16,39,Écriture
16,40,Idée
16,41,Méthode
16,42,Écriture
16,43,Données
16,44,Analyse
16,45,Expérimentation
16,46,Idée
16,47,Idée
16,48,Données
16,49,Idée
16,50,Idée
16,51,Méthode
16,52,Expérimentation
16,53,Relecteur
16,54,Idée
16,55,Écriture
16,56,Expérimentation
16,57,Écriture
16,58,Données
16,59,Méthode
16,60,Données
17,1,Expérimentation
17,2,Relecteur
17,3,Expérimentation
17,4,Idée
17,5,Expérimentation
17,6,Idée
17,7,Écriture
17,8,Méthode
17,9,Données
17,10,Méthode
17,11,Écriture
17,12,Relecteur
17,13,Analyse
17,14,Analyse
17,15,Expérimentation
17,16,Données
17,17,Écriture
17,18,Écriture
17,19,Analyse
17,20,Données
17,21,Données
17,22,Analyse
17,23,Expérimentation
17,24,Analyse
17,25,Relecteur
17,26,Analyse
17,27,Idée
17,28,Écriture
17,29,Méthode
17,30,Données
17,31,Relecteur
17,32,Expérimentation
17,33,Analyse
17,34,Expérimentation
17,35,Expérimentation
17,36,Relecteur
17,37,Expérimentation
17,38,Méthode
17,39,Relecteur
17,40,Analyse
17,41,Expérimentation
17,42,Écriture
17,43,Relecteur
17,44,Relecteur
17,45,Données
17,46,Idée
17,47,Expérimentation
17,48,Écriture
17,49,Données
17,50,Méthode
17,51,Méthode
17,52,Analyse
17,53,Analyse
17,54,Analyse
17,55,Méthode
17,56,Expérimentation
17,57,Expérimentation
17,58,Expérimentation
17,59,Expérimentation
17,60,Idée
18,1,Analyse
18,2,Expérimentation
18,3,Relecteur
18,4,Données
18,5,Relecteur
18,6,Analyse
18,7,Écriture
18,8,Méthode
18,9,Idée
18,10,Données
18,11,Analyse
18,12,Écriture
18,13,Méthode
18,14,Données
18,15,Données
18,16,Idée
18,17,Expérimentation
18,18,Relecteur
18,19,Idée
18,20,Idée
18,21,Méthode
18,22,Idée
18,23,Écriture
18,24,Analyse
18,25,Idée
18,26,Analyse
18,27,Méthode
18,28,Données
18,29,Relecteur
18,30,Méthode
18,31,Méthode
18,32,Relecteur
18,33,Expérimentation
18,34,Relecteur
18,35,Expérimentation
18,36,Écriture
18,37,Relecteur
18,38,Idée
18,39,Relecteur
18,40,Données
18,41,Méthode
18,42,Expérimentation
18,43,Relecteur
18,44,Données
18,45,Relecteur
18,46,Idée
18,47,Données
18,48,Analyse
18,49,Méthode
18,50,Idée
18,51,Expérimentation
18,52,Méthode
18,53,Expérimentation
18,54,Relecteur
18,55,Écriture
18,56,Expérimentation
18,57,Expérimentation
18,58,Idée
18,59,Analyse
18,60,Données
19,1,Idée
19,2,Données
19,3,Expérimentation
19,4,Données
19,5,Données
19,6,Écriture
19,7,Expérimentation
19,8,Analyse
19,9,Données
19,10,Méthode
19,11,Expérimentation
19,12,Écriture
19,13,Relecteur
19,14,Données
19,15,Analyse
19,16,Analyse
19,17,Écriture
19,18,Écriture
19,19,Données
19,20,Analyse
19,21,Expérimentation
19,22,Idée
19,23,Écriture
19,24,Analyse
19,25,Écriture
19,26,Méthode
19,27,Écriture
19,28,Données
19,29,Expérimentation
19,30,Relecteur
19,31,Idée
19,32,Relecteur
19,33,Relecteur
19,34,Méthode
19,35,Analyse
19,36,Relecteur
19,37,Analyse
19,38,Méthode
19,39,Données
19,40,Méthode
19,41,Relecteur
19,42,Idée
19,43,Analyse
19,44,Idée
19,45,Analyse
19,46,Analyse
19,47,Relecteur
19,48,Données
19,49,Écriture
19,50,Expérimentation
19,51,Relecteur
19,52,Expérimentation
19,53,Relecteur
19,54,Écriture
19,55,Analyse
19,56,Relecteur
19,57,Analyse
19,58,Écriture
19,59,Expérimentation
19,60,Écriture
20,1,Écriture
20,2,Relecteur
20,3,Écriture
20,4,Données
20,5,Écriture
20,6,Analyse
20,7,Expérimentation
20,8,Méthode
20,9,Expérimentation
20,10,Écriture
20,11,Méthode
20,12,Relecteur
20,13,Analyse
20,14,Analyse
20,15,Idée
20,16,Méthode
20,17,Relecteur
20,18,Expérimentation
20,19,Expérimentation
20,20,Méthode
20,21,Données
20,22,Écriture
20,23,Méthode
20,24,Écriture
20,25,Analyse
20,26,Analyse
20,27,Relecteur
20,28,Écriture
20,29,Idée
20,30,Données
20,31,Méthode
20,32,Analyse
20,33,Écriture
20,34,Écriture
20,35,Écriture
20,36,Relecteur
20,37,Expérimentation
20,38,Méthode
20,39,Idée
20,40,Analyse
20,41,Données
20,42,Idée
20,43,Méthode
20,44,Analyse
20,45,Données
20,46,Relecteur
20,47,Données
20,48,Analyse
20,49,Expérimentation
20,50,Analyse
20,51,Écriture
20,52,Écriture
20,53,Données
20,54,Méthode
20,55,Idée
20,56,Analyse
20,57,Écriture
20,58,Expérimentation
20,59,Méthode
20,60,Idée
21,1,Méthode
21,2,Relecteur
21,3,Idée
21,4,Relecteur
21,5,Données
21,6,Relecteur
21,7,Analyse
21,8,Données
21,9,Expérimentation
21,10,Données
21,11,Écriture
21,12,Relecteur
21,13,Écriture
21,14,Expérimentation
21,15,Données
21,16,Données
21,17,Expérimentation
21,18,Données
21,19,Idée
21,20,Expérimentation
21,21,Méthode
21,22,Expérimentation
21,23,Données
21,24,Données
21,25,Écriture
21,26,Expérimentation
21,27,Analyse
21,28,Idée
21,29,Idée
21,30,Expérimentation
21,31,Idée
21,32,Données
21,33,Expérimentation
21,34,Méthode
21,35,Expérimentation
21,36,Idée
21,37,Idée
21,38,Analyse
21,39,Idée
21,40,Idée
21,41,Expérimentation
21,42,Idée
21,43,Écriture
21,44,Idée
21,45,Données
21,46,Écriture
21,47,Données
21,48,Écriture
21,49,Expérimentation
21,50,Méthode
21,51,Méthode
21,52,Écriture
21,53,Expérimentation
21,54,Idée
21,55,Données
21,56,Expérimentation
21,57,Méthode
21,58,Relecteur
21,59,Méthode
21,60,Méthode
22,1,Méthode
22,2,Données
22,3,Idée
22,4,Relecteur
22,5,Analyse
22,6,Analyse
22,7,Données
22,8,Relecteur
22,9,Relecteur
22,10,Expérimentation
22,11,Données
22,12,Expérimentation
22,13,Idée
22,14,Données
22,15,Expérimentation
22,16,Données
22,17,Relecteur
22,18,Expérimentation
22,19,Idée
22,20,Expérimentation
22,21,Écriture
22,22,Données
22,23,Analyse
22,24,Analyse
22,25,Idée
22,26,Méthode
22,27,Expérimentation
22,28,Analyse
22,29,Écriture
22,30,Relecteur
22,31,Idée
22,32,Analyse
22,33,Méthode
22,34,Données
22,35,Analyse
22,36,Données
22,37,Relecteur
22,38,Idée
22,39,Écriture
22,40,Idée
22,41,Analyse
22,42,Expérimentation
22,43,Relecteur
22,44,Méthode
22,45,Données
22,46,Analyse
22,47,Expérimentation
22,48,Données
22,49,Idée
22,50,Relecteur
22,51,Analyse
22,52,Idée
22,53,Analyse
22,54,Idée
22,55,Analyse
22,56,Relecteur
22,57,Idée
22,58,Relecteur
22,59,Relecteur
22,60,Expérimentation
23,1,Méthode
23,2,Idée
23,3,Écriture
23,4,Idée
23,5,Relecteur
23,6,Écriture
23,7,Expérimentation
23,8,Relecteur
23,9,Expérimentation
23,10,Relecteur
23,11,Méthode
23,12,Relecteur
23,13,Analyse
23,14,Méthode
23,15,Analyse
23,16,Écriture
23,17,Écriture
23,18,Analyse
23,19,Idée
23,20,Méthode
23,21,Écriture
23,22,Analyse
23,23,Analyse
23,24,Expérimentation
23,25,Analyse
23,26,Écriture
23,27,Idée
23,28,Méthode
23,29,Données
23,30,Idée
23,31,Idée
23,32,Analyse
23,33,Expérimentation
23,34,Méthode
23,35,Données
23,36,Écriture
23,37,Idée
23,38,Écriture
23,39,Expérimentation
23,40,Données
23,41,Idée
23,42,Relecteur
23,43,Idée
23,44,Relecteur
23,45,Expérimentation
23,46,Idée
23,47,Analyse
23,48,Données
23,49,Idée
23,50,Écriture
23,51,Analyse
23,52,Écriture
23,53,Relecteur
23,54,Écriture
23,55,Écriture
23,56,Idée
23,57,Idée
23,58,Relecteur
23,59,Données
23,60,Analyse
24,1,Analyse
24,2,Relecteur
24,3,Expérimentation
24,4,Écriture
24,5,Méthode
24,6,Données
24,7,Données
24,8,Méthode
24,9,Écriture
24,10,Écriture
24,11,Données
24,12,Données
24,13,Méthode
24,14,Expérimentation
24,15,Idée
24,16,Expérimentation
24,17,Écriture
24,18,Analyse
24,19,Expérimentation
24,20,Analyse
24,21,Données
24,22,Méthode
24,23,Relecteur
24,24,Expérimentation
24,25,Analyse
24,26,Données
24,27,Relecteur
24,28,Idée
24,29,Données
24,30,Idée
24,31,Analyse
24,32,Méthode
24,33,Relecteur
24,34,Expérimentation
24,35,Méthode
24,36,Données
24,37,Relecteur
24,38,Méthode
24,39,Idée
24,40,Expérimentation
24,41,Écriture
24,42,Données
24,43,Méthode
24,44,Méthode
24,45,Méthode
24,46,Idée
24,47,Écriture
24,48,Analyse
24,49,Relecteur
24,50,Analyse
24,51,Relecteur
24,52,Écriture
24,53,Idée
24,54,Écriture
24,55,Idée
24,56,Données
24,57,Idée
24,58,Expérimentation
24,59,Méthode
24,60,Données
25,1,Méthode
25,2,Données
25,3,Idée
25,4,Idée
25,5,Analyse
25,6,Expérimentation
25,7,Méthode
25,8,Idée
25,9,Expérimentation
25,10,Expérimentation
25,11,Expérimentation
25,12,Écriture
25,13,Écriture
25,14,Relecteur
25,15,Idée
25,16,Relecteur
25,17,Analyse
25,18,Idée
25,19,Idée
25,20,Écriture
25,21,Analyse
25,22,Données
25,23,Idée
25,24,Écriture
25,25,Données
25,26,Écriture
25,27,Méthode
25,28,Analyse
25,29,Analyse
25,30,Méthode
25,31,Écriture
25,32,Idée
25,33,Relecteur
25,34,Idée
25,35,Idée
25,36,Données
25,37,Expérimentation
25,38,Données
25,39,Expérimentation
25,40,Expérimentation
25,41,Méthode
25,42,Expérimentation
25,43,Idée
25,44,Expérimentation
25,45,Méthode
25,46,Idée
25,47,Expérimentation
25,48,Expérimentation
25,49,Analyse
25,50,Idée
25,51,Écriture
25,52,Idée
25,53,Relecteur
25,54,Méthode
25,55,Analyse
25,56,Analyse
25,57,Méthode
25,58,Relecteur
25,59,Relecteur
25,60,Relecteur
26,1,Écriture
26,2,Idée
26,3,Expérimentation
26,4,Méthode
26,5,Méthode
26,6,Idée
26,7,Expérimentation
26,8,Idée
26,9,Expérimentation
26,10,Analyse
26,11,Relecteur
26,12,Expérimentation
26,13,Idée
26,14,Données
26,15,Expérimentation
26,16,Expérimentation
26,17,Relecteur
26,18,Relecteur
26,19,Données
26,20,Écriture
26,21,Données
26,22,Expérimentation
26,23,Expérimentation
26,24,Données
26,25,Données
26,26,Idée
26,27,Données
26,28,Données
26,29,Analyse
26,30,Méthode
26,31,Idée
26,32,Écriture
26,33,Relecteur
26,34,Idée
26,35,Données
26,36,Écriture
26,37,Expérimentation
26,38,Analyse
26,39,Données
26,40,Analyse
26,41,Idée
26,42,Expérimentation
26,43,Relecteur
26,44,Analyse
26,45,Analyse
26,46,Données
26,47,Données
26,48,Méthode
26,49,Écriture
26,50,Relecteur
26,51,Analyse
26,52,Analyse
26,53,Idée
26,54,Écriture
26,55,Expérimentation
26,56,Méthode
26,57,Idée
26,58,Expérimentation
26,59,Données
26,60,Expérimentation
27,1,Analyse
27,2,Écriture
27,3,Analyse
27,4,Analyse
27,5,Expérimentation
27,6,Analyse
27,7,Relecteur
27,8,Relecteur
27,9,Expérimentation
27,10,Méthode
27,11,Expérimentation
27,12,Expérimentation
27,13,Méthode
27,14,Méthode
27,15,Expérimentation
27,16,Idée
27,17,Analyse
27,18,Méthode
27,19,Idée
27,20,Méthode
27,21,Expérimentation
27,22,Relecteur
27,23,Idée
27,24,Idée
27,25,Relecteur
27,26,Méthode
27,27,Données
27,28,Idée
27,29,Écriture
27,30,Méthode
27,31,Données
27,32,Données
27,33,Analyse
27,34,Relecteur
27,35,Idée
27,36,Relecteur
27,37,Analyse
27,38,Analyse
27,39,Analyse
27,40,Données
27,41,Expérimentation
27,42,Analyse
27,43,Relecteur
27,44,Idée
27,45,Données
27,46,Analyse
27,47,Méthode
27,48,Méthode
27,49,Expérimentation
27,50,Écriture
27,51,Idée
27,52,Expérimentation
27,53,Écriture
27,54,Méthode
27,55,Analyse
27,56,Méthode
27,57,Idée
27,58,Écriture
27,59,Idée
27,60,Données
28,1,Analyse
28,2,Méthode
28,3,Données
28,4,Relecteur
28,5,Analyse
28,6,Analyse
28,7,Données
28,8,Écriture
28,9,Méthode
28,10,Idée
28,11,Méthode
28,12,Données
28,13,Idée
28,14,Expérimentation
28,15,Relecteur
28,16,Analyse
28,17,Méthode
28,18,Écriture
28,19,Relecteur
28,20,Analyse
28,21,Méthode
28,22,Analyse
28,23,Analyse
28,24,Idée
28,25,Analyse
28,26,Relecteur
28,27,Idée
28,28,Idée
28,29,Expérimentation
28,30,Données
28,31,Analyse
28,32,Idée
28,33,Écriture
28,34,Écriture
28,35,Expérimentation
28,36,Analyse
28,37,Expérimentation
28,38,Écriture
28,39,Données
28,40,Expérimentation
28,41,Analyse
28,42,Méthode
28,43,Données
28,44,Idée
28,45,Écriture
28,46,Méthode
28,47,Écriture
28,48,Expérimentation
28,49,Idée
28,50,Analyse
28,51,Méthode
28,52,Analyse
28,53,Idée
28,54,Écriture
28,55,Expérimentation
28,56,Expérimentation
28,57,Écriture
28,58,Écriture
28,59,Idée
28,60,Idée
29,1,Méthode
29,2,Données
29,3,Idée
29,4,Relecteur
29,5,Idée
29,6,Méthode
29,7,Analyse
29,8,Expérimentation
29,9,Données
29,10,Données
29,11,Analyse
29,12,Relecteur
29,13,Idée
29,14,Analyse
29,15,Écriture
29,16,Expérimentation
29,17,Expérimentation
29,18,Expérimentation
29,19,Relecteur
29,20,Expérimentation
29,21,Expérimentation
29,22,Expérimentation
29,23,Écriture
29,24,Idée
29,25,Données
29,26,Analyse
29,27,Analyse
29,28,Idée
29,29,Expérimentation
29,30,Relecteur
29,31,Idée
29,32,Expérimentation
29,33,Analyse
29,34,Relecteur
29,35,Expérimentation
29,36,Relecteur
29,37,Méthode
29,38,Idée
29,39,Expérimentation
29,40,Méthode
29,41,Analyse
29,42,Méthode
29,43,Idée
29,44,Analyse
29,45,Relecteur
29,46,Données
29,47,Relecteur
29,48,Analyse
29,49,Expérimentation
29,50,Analyse
29,51,Expérimentation
29,52,Idée
29,53,Données
29,54,Idée
29,55,Analyse
29,56,Analyse
29,57,Méthode
29,58,Méthode
29,59,Données
29,60,Idée
30,1,Analyse
30,2,Données
30,3,Relecteur
30,4,Méthode
30,5,Expérimentation
30,6,Relecteur
30,7,Relecteur
30,8,Écriture
30,9,Expérimentation
30,10,Relecteur
30,11,Idée
30,12,Relecteur
30,13,Données
30,14,Analyse
30,15,Méthode
30,16,Données
30,17,Écriture
30,18,Analyse
30,19,Expérimentation
30,20,Méthode
30,21,Méthode
30,22,Données
30,23,Écriture
30,24,Données
30,25,Écriture
30,26,Relecteur
30,27,Expérimentation
30,28,Données
30,29,Données
30,30,Analyse
30,31,Écriture
30,32,Idée
30,33,Écriture
30,34,Relecteur
30,35,Méthode
30,36,Écriture
30,37,Méthode
30,38,Analyse
30,39,Expérimentation
30,40,Idée
30,41,Relecteur
30,42,Méthode
30,43,Méthode
30,44,Méthode
30,45,Analyse
30,46,Expérimentation
30,47,Idée
30,48,Idée
30,49,Écriture
30,50,Données
30,51,Idée
30,52,Idée
30,53,Expérimentation
30,54,Méthode
30,55,Idée
30,56,Relecteur
30,57,Méthode
30,58,Données
30,59,Relecteur
30,60,Expérimentation
31,1,Expérimentation
31,2,Idée
31,3,Relecteur
31,4,Expérimentation
31,5,Idée
31,6,Données
31,7,Analyse
31,8,Méthode
31,9,Méthode
31,10,Idée
31,11,Méthode
31,12,Relecteur
31,13,Relecteur
31,14,Écriture
31,15,Idée
31,16,Méthode
31,17,Méthode
31,18,Données
31,19,Idée
31,20,Méthode
31,21,Relecteur
31,22,Relecteur
31,23,Idée
31,24,Analyse
31,25,Idée
31,26,Relecteur
31,27,Expérimentation
31,28,Méthode
31,29,Méthode
31,30,Écriture
31,31,Écriture
31,32,Analyse
31,33,Écriture
31,34,Analyse
31,35,Relecteur
31,36,Analyse
31,37,Écriture
31,38,Méthode
31,39,Écriture
31,40,Expérimentation
31,41,Données
31,42,Méthode
31,43,Analyse
31,44,Écriture
31,45,Idée
31,46,Analyse
31,47,Écriture
31,48,Méthode
31,49,Analyse
31,50,Expérimentation
31,51,Idée
31,52,Relecteur
31,53,Écriture
31,54,Expérimentation
31,55,Données
31,56,Données
31,57,Méthode
31,58,Idée
31,59,Données
31,60,Analyse
32,1,Relecteur
32,2,Idée
32,3,Analyse
32,4,Données
32,5,Relecteur
32,6,Expérimentation
32,7,Expérimentation
32,8,Données
32,9,Relecteur
32,10,Écriture
32,11,Méthode
32,12,Méthode
32,13,Écriture
32,14,Méthode
32,15,Expérimentation
32,16,Relecteur
32,17,Relecteur
32,18,Analyse
32,19,Analyse
32,20,Relecteur
32,21,Expérimentation
32,22,Analyse
32,23,Relecteur
32,24,Relecteur
32,25,Analyse
32,26,Données
32,27,Données
32,28,Idée
32,29,Expérimentation
32,30,Méthode
32,31,Relecteur
32,32,Méthode
32,33,Écriture
32,34,Idée
32,35,Écriture
32,36,Analyse
32,37,Écriture
32,38,Méthode
32,39,Expérimentation
32,40,Écriture
32,41,Relecteur
32,42,Écriture
32,43,Analyse
32,44,Données
32,45,Relecteur
32,46,Expérimentation
32,47,Analyse
32,48,Données
32,49,Analyse
32,50,Écriture
32,51,Idée
32,52,Données
32,53,Méthode
32,54,Relecteur
32,55,Analyse
32,56,Écriture
32,57,Relecteur
32,58,Relecteur
32,59,Expérimentation
32,60,Écriture
33,1,Analyse
33,2,Expérimentation
33,3,Méthode
33,4,Expérimentation
33,5,Expérimentation
33,6,Méthode
33,7,Idée
33,8,Idée
33,9,Relecteur
33,10,Écriture
33,11,Idée
33,12,Idée
33,13,Écriture
33,14,Écriture
33,15,Expérimentation
33,16,Relecteur
33,17,Méthode
33,18,Idée
33,19,Écriture
33,20,Méthode
33,21,Analyse
33,22,Relecteur
33,23,Idée
33,24,Idée
33,25,Expérimentation
33,26,Méthode
33,27,Écriture
33,28,Analyse
33,29,Écriture
33,30,Données
33,31,Écriture
33,32,Écriture
33,33,Idée
33,34,Analyse
33,35,Expérimentation
33,36,Méthode
33,37,Données
33,38,Données
33,39,Analyse
33,40,Idée
33,41,Écriture
33,42,Données
33,43,Analyse
33,44,Expérimentation
33,45,Analyse
33,46,Idée
33,47,Données
33,48,Écriture
33,49,Écriture
33,50,Idée
33,51,Expérimentation
33,52,Expérimentation
33,53,Méthode
33,54,Idée
33,55,Relecteur
33,56,Expérimentation
33,57,Écriture
33,58,Relecteur
33,59,Méthode
33,60,Méthode
34,1,Données
34,2,Écriture
34,3,Relecteur
34,4,Analyse
34,5,Relecteur
34,6,Analyse
34,7,Données
34,8,Relecteur
34,9,Relecteur
34,10,Expérimentation
34,11,Idée
34,12,Expérimentation
34,13,Analyse
34,14,Expérimentation
34,15,Méthode
34,16,Analyse
34,17,Relecteur
34,18,Relecteur
34,19,Méthode
34,20,Analyse
34,21,Expérimentation
34,22,Expérimentation
34,23,Écriture
34,24,Méthode
34,25,Données
34,26,Idée
34,27,Méthode
34,28,Données
34,29,Écriture
34,30,Écriture
34,31,Expérimentation
34,32,Écriture
34,33,Écriture
34,34,Idée
34,35,Idée
34,36,Relecteur
34,37,Idée
34,38,Écriture
34,39,Expérimentation
34,40,Expérimentation
34,41,Expérimentation
34,42,Idée
34,43,Idée
34,44,Données
34,45,Expérimentation
34,46,Relecteur
34,47,Expérimentation
34,48,Analyse
34,49,Analyse
34,50,Données
34,51,Expérimentation
34,52,Écriture
34,53,Données
34,54,Écriture
34,55,Données
34,56,Expérimentation
34,57,Analyse
34,58,Expérimentation
34,59,Analyse
34,60,Relecteur
35,1,Expérimentation
35,2,Écriture
35,3,Idée
35,4,Relecteur
35,5,Expérimentation
35,6,Relecteur
35,7,Expérimentation
35,8,Relecteur
35,9,Expérimentation
35,10,Écriture
35,11,Expérimentation
35,12,Méthode
35,13,Données
35,14,Relecteur
35,15,Données
35,16,Données
35,17,Expérimentation
35,18,Idée
35,19,Données
35,20,Écriture
35,21,Données
35,22,Écriture
35,23,Expérimentation
35,24,Données
35,25,Analyse
35,26,Analyse
35,27,Relecteur
35,28,Expérimentation
35,29,Analyse
35,30,Données
35,31,Données
35,32,Analyse
35,33,Écriture
35,34,Idée
35,35,Relecteur
35,36,Écriture
35,37,Méthode
35,38,Données
35,39,Idée
35,40,Méthode
35,41,Données
35,42,Données
35,43,Méthode
35,44,Expérimentation
35,45,Méthode
35,46,Méthode
35,47,Idée
35,48,Idée
35,49,Analyse
35,50,Relecteur
35,51,Données
35,52,Données
35,53,Expérimentation
35,54,Relecteur
35,55,Idée
35,56,Données
35,57,Expérimentation
35,58,Données
35,59,Données
35,60,Idée
36,1,Données
36,2,Relecteur
36,3,Données
36,4,Relecteur
36,5,Analyse
36,6,Écriture
36,7,Méthode
36,8,Données
36,9,Méthode
36,10,Expérimentation
36,11,Expérimentation
36,12,Écriture
36,13,Écriture
36,14,Données
36,15,Écriture
36,16,Analyse
36,17,Méthode
36,18,Données
36,19,Relecteur
36,20,Relecteur
36,21,Relecteur
36,22,Écriture
36,23,Relecteur
36,24,Idée
36,25,Relecteur
36,26,Écriture
36,27,Écriture
36,28,Méthode
36,29,Expérimentation
36,30,Analyse
36,31,Analyse
36,32,Méthode
36,33,Expérimentation
36,34,Idée
36,35,Méthode
36,36,Données
36,37,Analyse
36,38,Données
36,39,Analyse
36,40,Méthode
36,41,Données
36,42,Expérimentation
36,43,Idée
36,44,Relecteur
36,45,Méthode
36,46,Méthode
36,47,Relecteur
36,48,Analyse
36,49,Idée
36,50,Écriture
36,51,Écriture
36,52,Idée
36,53,Expérimentation
36,54,Méthode
36,55,Relecteur
36,56,Données
36,57,Idée
36,58,Données
36,59,Analyse
36,60,Données
37,1,Méthode
37,2,Données
37,3,Analyse
37,4,Relecteur
37,5,Analyse
37,6,Idée
37,7,Données
37,8,Relecteur
37,9,Relecteur
37,10,Idée
37,11,Idée
37,12,Analyse
37,13,Écriture
37,14,Données
37,15,Méthode
37,16,Écriture
37,17,Idée
37,18,Méthode
37,19,Relecteur
37,20,Écriture
37,21,Expérimentation
37,22,Données
37,23,Idée
37,24,Écriture
37,25,Idée
37,26,Écriture
37,27,Données
37,28,Idée
37,29,Expérimentation
37,30,Relecteur
37,31,Méthode
37,32,Données
37,33,Expérimentation
37,34,Expérimentation
37,35,Méthode
37,36,Méthode
37,37,Expérimentation
37,38,Relecteur
37,39,Expérimentation
37,40,Analyse
37,41,Données
37,42,Écriture
37,43,Expérimentation
37,44,Relecteur
37,45,Expérimentation
37,46,Relecteur
37,47,Écriture
37,48,Analyse
37,49,Analyse
37,50,Données
37,51,Relecteur
37,52,Méthode
37,53,Relecteur
37,54,Expérimentation
37,55,Écriture
37,56,Écriture
37,57,Idée
37,58,Méthode
37,59,Méthode
37,60,Analyse
38,1,Relecteur
38,2,Écriture
38,3,Données
38,4,Écriture
38,5,Idée
38,6,Expérimentation
38,7,Écriture
38,8,Analyse
38,9,Expérimentation
38,10,Relecteur
38,11,Écriture
38,12,Expérimentation
38,13,Relecteur
38,14,Écriture
38,15,Méthode
38,16,Données
38,17,Idée
38,18,Méthode
38,19,Expérimentation
38,20,Écriture
38,21,Relecteur
38,22,Méthode
38,23,Idée
38,24,Données
38,25,Relecteur
38,26,Méthode
38,27,Relecteur
38,28,Écriture
38,29,Écriture
38,30,Idée
38,31,Relecteur
38,32,Écriture
38,33,Analyse
38,34,Écriture
38,35,Données
38,36,Relecteur
38,37,Écriture
38,38,Écriture
38,39,Écriture
38,40,Idée
38,41,Analyse
38,42,Analyse
38,43,Relecteur
38,44,Analyse
38,45,Expérimentation
38,46,Méthode
38,47,Expérimentation
38,48,Analyse
38,49,Relecteur
38,50,Relecteur
38,51,Idée
38,52,Analyse
38,53,Relecteur
38,54,Écriture
38,55,Relecteur
38,56,Expérimentation
38,57,Idée
38,58,Expérimentation
38,59,Analyse
38,60,Expérimentation
39,1,Méthode
39,2,Analyse
39,3,Méthode
39,4,Données
39,5,Écriture
39,6,Idée
39,7,Expérimentation
39,8,Relecteur
39,9,Relecteur
39,10,Méthode
39,11,Expérimentation
39,12,Analyse
39,13,Idée
39,14,Expérimentation
39,15,Analyse
39,16,Écriture
39,17,Méthode
39,18,Écriture
39,19,Idée
39,20,Données
39,21,Relecteur
39,22,Analyse
39,23,Méthode
39,24,Idée
39,25,Analyse
39,26,Analyse
39,27,Expérimentation
39,28,Données
39,29,Idée
39,30,Analyse
39,31,Écriture
39,32,Écriture
39,33,Méthode
39,34,Données
39,35,Données
39,36,Analyse
39,37,Analyse
39,38,Méthode
39,39,Données
39,40,Analyse
39,41,Écriture
39,42,Expérimentation
39,43,Relecteur
39,44,Écriture
39,45,Expérimentation
39,46,Idée
39,47,Relecteur
39,48,Écriture
39,49,Méthode
39,50,Données
39,51,Méthode
39,52,Idée
39,53,Relecteur
39,54,Analyse
39,55,Données
39,56,Relecteur
39,57,Méthode
39,58,Idée
39,59,Idée
39,60,Écriture
40,1,Écriture
40,2,Écriture
40,3,Idée
40,4,Idée
40,5,Écriture
40,6,Données
40,7,Idée
40,8,Expérimentation
40,9,Expérimentation
40,10,Méthode
40,11,Données
40,12,Relecteur
40,13,Analyse
40,14,Écriture
40,15,Écriture
40,16,Données
40,17,Méthode
40,18,Relecteur
40,19,Données
40,20,Analyse
40,21,Idée
40,22,Méthode
40,23,Idée
40,24,Expérimentation
40,25,Expérimentation
40,26,Expérimentation
40,27,Analyse
40,28,Écriture
40,29,Analyse
40,30,Idée
40,31,Expérimentation
40,32,Données
40,33,Analyse
40,34,Expérimentation
40,35,Relecteur
40,36,Analyse
40,37,Analyse
40,38,Méthode
40,39,Relecteur
40,40,Relecteur
40,41,Écriture
40,42,Relecteur
40,43,Données
40,44,Méthode
40,45,Méthode
40,46,Méthode
40,47,Expérimentation
40,48,Relecteur
40,49,Analyse
40,50,Méthode
40,51,Analyse
40,52,Idée
40,53,Idée
40,54,Écriture
40,55,Relecteur
40,56,Relecteur
40,57,Relecteur
40,58,Écriture
40,59,Analyse
40,60,Analyse
41,1,Expérimentation
41,2,Relecteur
41,3,Relecteur
41,4,Relecteur
41,5,Relecteur
41,6,Expérimentation
41,7,Données
41,8,Idée
41,9,Écriture
41,10,Données
41,11,Relecteur
41,12,Expérimentation
41,13,Données
41,14,Analyse
41,15,Idée
41,16,Écriture
41,17,Données
41,18,Relecteur
41,19,Idée
41,20,Relecteur
41,21,Données
41,22,Analyse
41,23,Données
41,24,Expérimentation
41,25,Analyse
41,26,Relecteur
41,27,Écriture
41,28,Méthode
41,29,Idée
41,30,Relecteur
41,31,Méthode
41,32,Méthode
41,33,Analyse
41,34,Écriture
41,35,Relecteur
41,36,Écriture
41,37,Écriture
41,38,Relecteur
41,39,Données
41,40,Écriture
41,41,Expérimentation
41,42,Relecteur
41,43,Relecteur
41,44,Écriture
41,45,Analyse
41,46,Méthode
41,47,Écriture
41,48,Analyse
41,49,Écriture
41,50,Analyse
41,51,Méthode
41,52,Analyse
41,53,Idée
41,54,Expérimentation
41,55,Données
41,56,Expérimentation
41,57,Écriture
41,58,Données
41,59,Méthode
41,60,Méthode
42,1,Données
42,2,Analyse
42,3,Analyse
42,4,Méthode
42,5,Analyse
42,6,Expérimentation
42,7,Écriture
42,8,Expérimentation
42,9,Analyse
42,10,Écriture
42,11,Idée
42,12,Expérimentation
42,13,Analyse
42,14,Données
42,15,Méthode
42,16,Relecteur
42,17,Expérimentation
42,18,Données
42,19,Méthode
42,20,Méthode
42,21,Expérimentation
42,22,Expérimentation
42,23,Méthode
42,24,Analyse
42,25,Méthode
42,26,Écriture
42,27,Expérimentation
42,28,Méthode
42,29,Idée
42,30,Expérimentation
42,31,Méthode
42,32,Méthode
42,33,Écriture
42,34,Écriture
42,35,Expérimentation
42,36,Données
42,37,Idée
42,38,Analyse
42,39,Idée
42,40,Données
42,41,Relecteur
42,42,Écriture
42,43,Écriture
42,44,Analyse
42,45,Relecteur
42,46,Relecteur
42,47,Idée
42,48,Méthode
42,49,Idée
42,50,Écriture
42,51,Données
42,52,Données
42,53,Données
42,54,Analyse
42,55,Relecteur
42,56,Analyse
42,57,Méthode
42,58,Analyse
42,59,Analyse
42,60,Données
43,1,Idée
43,2,Méthode
43,3,Données
43,4,Expérimentation
43,5,Idée
43,6,Écriture
43,7,Données
43,8,Données
43,9,Idée
43,10,Analyse
43,11,Relecteur
43,12,Relecteur
43,13,Relecteur
43,14,Données
43,15,Expérimentation
43,16,Données
43,17,Expérimentation
43,18,Méthode
43,19,Idée
43,20,Relecteur
43,21,Données
43,22,Analyse
43,23,Écriture
43,24,Relecteur
43,25,Écriture
43,26,Méthode
43,27,Relecteur
43,28,Écriture
43,29,Méthode
43,30,Méthode
43,31,Méthode
43,32,Analyse
43,33,Écriture
43,34,Expérimentation
43,35,Analyse
43,36,Données
43,37,Données
43,38,Écriture
43,39,Données
43,40,Expérimentation
43,41,Méthode
43,42,Expérimentation
43,43,Données
43,44,Relecteur
43,45,Idée
43,46,Idée
43,47,Analyse
43,48,Idée
43,49,Données
43,50,Idée
43,51,Expérimentation
43,52,Idée
43,53,Idée
43,54,Expérimentation
43,55,Méthode
43,56,Idée
43,57,Écriture
43,58,Expérimentation
43,59,Écriture
43,60,Relecteur
44,1,Méthode
44,2,Données
44,3,Écriture
44,4,Écriture
44,5,Écriture
44,6,Expérimentation
44,7,Écriture
44,8,Relecteur
44,9,Données
44,10,Idée
44,11,Idée
44,12,Écriture
44,13,Idée
44,14,Données
44,15,Analyse
44,16,Méthode
44,17,Écriture
44,18,Analyse
44,19,Données
44,20,Méthode
44,21,Analyse
44,22,Écriture
44,23,Expérimentation
44,24,Analyse
44,25,Idée
44,26,Expérimentation
44,27,Écriture
44,28,Méthode
44,29,Idée
44,30,Relecteur
44,31,Méthode
44,32,Données
44,33,Idée
44,34,Méthode
44,35,Expérimentation
44,36,Idée
44,37,Données
44,38,Analyse
44,39,Méthode
44,40,Écriture
44,41,Écriture
44,42,Relecteur
44,43,Relecteur
44,44,Idée
44,45,Écriture
44,46,Expérimentation
44,47,Écriture
44,48,Expérimentation
44,49,Écriture
44,50,Relecteur
44,51,Écriture
44,52,Idée
44,53,Données
44,54,Analyse
44,55,Analyse
44,56,Données
44,57,Idée
44,58,Relecteur
44,59,Analyse
44,60,Méthode
45,1,Analyse
45,2,Expérimentation
45,3,Écriture
45,4,Analyse
45,5,Écriture
45,6,Analyse
45,7,Écriture
45,8,Écriture
45,9,Analyse
45,10,Écriture
45,11,Idée
45,12,Analyse
45,13,Analyse
45,14,Idée
45,15,Écriture
45,16,Méthode
45,17,Expérimentation
45,18,Données
45,19,Relecteur
45,20,Analyse
45,21,Méthode
45,22,Relecteur
45,23,Analyse
45,24,Idée
45,25,Idée
45,26,Méthode
45,27,Analyse
45,28,Données
45,29,Relecteur
45,30,Écriture
45,31,Expérimentation
45,32,Idée
45,33,Expérimentation
45,34,Idée
45,35,Relecteur
45,36,Analyse
45,37,Méthode
45,38,Écriture
45,39,Données
45,40,Analyse
45,41,Idée
45,42,Expérimentation
45,43,Relecteur
45,44,Relecteur
45,45,Analyse
45,46,Méthode
45,47,Relecteur
45,48,Méthode
45,49,Données
45,50,Analyse
45,51,Données
45,52,Écriture
45,53,Relecteur
45,54,Relecteur
45,55,Analyse
45,56,Expérimentation
45,57,Écriture
45,58,Relecteur
45,59,Analyse
45,60,Analyse
46,1,Expérimentation
46,2,Analyse
46,3,Écriture
46,4,Méthode
46,5,Relecteur
46,6,Idée
46,7,Analyse
46,8,Relecteur
46,9,Méthode
46,10,Données
46,11,Analyse
46,12,Analyse
46,13,Idée
46,14,Idée
46,15,Méthode
46,16,Méthode
46,17,Analyse
46,18,Données
46,19,Analyse
46,20,Données
46,21,Méthode
46,22,Idée
46,23,Relecteur
46,24,Analyse
46,25,Expérimentation
46,26,Idée
46,27,Idée
46,28,Expérimentation
46,29,Relecteur
46,30,Données
46,31,Idée
46,32,Méthode
46,33,Écriture
46,34,Analyse
46,35,Idée
46,36,Relecteur
46,37,Relecteur
46,38,Méthode
46,39,Analyse
46,40,Méthode
46,41,Relecteur
46,42,Écriture
46,43,Idée
46,44,Méthode
46,45,Analyse
46,46,Analyse
46,47,Expérimentation
46,48,Relecteur
46,49,Écriture
46,50,Données
46,51,Méthode
46,52,Analyse
46,53,Écriture
46,54,Idée
46,55,Relecteur
46,56,Méthode
46,57,Idée
46,58,Données
46,59,Données
46,60,Méthode
47,1,Expérimentation
47,2,Analyse
47,3,Idée
47,4,Idée
47,5,Idée
47,6,Idée
47,7,Données
47,8,Méthode
47,9,Expérimentation
47,10,Analyse
47,11,Relecteur
47,12,Expérimentation
47,13,Écriture
47,14,Données
47,15,Écriture
47,16,Relecteur
47,17,Analyse
47,18,Analyse
47,19,Données
47,20,Relecteur
47,21,Relecteur
47,22,Données
47,23,Relecteur
47,24,Méthode
47,25,Analyse
47,26,Données
47,27,Méthode
47,28,Analyse
47,29,Relecteur
47,30,Expérimentation
47,31,Méthode
47,32,Analyse
47,33,Méthode
47,34,Analyse
47,35,Données
47,36,Idée
47,37,Écriture
47,38,Données
47,39,Relecteur
47,40,Expérimentation
47,41,Relecteur
47,42,Idée
47,43,Analyse
47,44,Méthode
47,45,Relecteur
47,46,Expérimentation
47,47,Expérimentation
47,48,Analyse
47,49,Écriture
47,50,Méthode
47,51,Relecteur
47,52,Idée
47,53,Écriture
47,54,Idée
47,55,Analyse
47,56,Relecteur
47,57,Méthode
47,58,Expérimentation
47,59,Écriture
47,60,Données
48,1,Analyse
48,2,Écriture
48,3,Analyse
48,4,Expérimentation
48,5,Méthode
48,6,Données
48,7,Données
48,8,Écriture
48,9,Analyse
48,10,Analyse
48,11,Relecteur
48,12,Analyse
48,13,Analyse
48,14,Relecteur
48,15,Idée
48,16,Relecteur
48,17,Méthode
48,18,Relecteur
48,19,Méthode
48,20,Écriture
48,21,Analyse
48,22,Relecteur
48,23,Méthode
48,24,Expérimentation
48,25,Données
48,26,Analyse
48,27,Relecteur
48,28,Méthode
48,29,Analyse
48,30,Relecteur
48,31,Idée
48,32,Idée
48,33,Expérimentation
48,34,Données
48,35,Relecteur
48,36,Expérimentation
48,37,Données
48,38,Analyse
48,39,Méthode
48,40,Analyse
48,41,Expérimentation
48,42,Analyse
48,43,Analyse
48,44,Analyse
48,45,Expérimentation
48,46,Expérimentation
48,47,Analyse
48,48,Données
48,49,Relecteur
48,50,Relecteur
48,51,Expérimentation
48,52,Analyse
48,53,Expérimentation
48,54,Données
48,55,Expérimentation
48,56,Relecteur
48,57,Idée
48,58,Données
48,59,Expérimentation
48,60,Idée
49,1,Expérimentation
49,2,Données
49,3,Écriture
49,4,Analyse
49,5,Idée
49,6,Idée
49,7,Méthode
49,8,Relecteur
49,9,Méthode
49,10,Méthode
49,11,Écriture
49,12,Données
49,13,Expérimentation
49,14,Expérimentation
49,15,Méthode
49,16,Écriture
49,17,Analyse
49,18,Analyse
49,19,Idée
49,20,Analyse
49,21,Expérimentation
49,22,Expérimentation
49,23,Relecteur
49,24,Idée
49,25,Expérimentation
49,26,Données
49,27,Relecteur
49,28,Idée
49,29,Relecteur
49,30,Relecteur
49,31,Idée
49,32,Méthode
49,33,Analyse
49,34,Méthode
49,35,Écriture
49,36,Écriture
49,37,Écriture
49,38,Relecteur
49,39,Expérimentation
49,40,Expérimentation
49,41,Analyse
49,42,Écriture
49,43,Relecteur
49,44,Expérimentation
49,45,Expérimentation
49,46,Analyse
49,47,Données
49,48,Relecteur
49,49,Relecteur
49,50,Données
49,51,Analyse
49,52,Idée
49,53,Expérimentation
49,54,Analyse
49,55,Idée
49,56,Méthode
49,57,Analyse
49,58,Expérimentation
49,59,Données
49,60,Analyse
50,1,Données
50,2,Relecteur
50,3,Écriture
50,4,Méthode
50,5,Données
50,6,Données
50,7,Méthode
50,8,Expérimentation
50,9,Idée
50,10,Données
50,11,Idée
50,12,Écriture
50,13,Idée
50,14,Idée
50,15,Analyse
50,16,Données
50,17,Idée
50,18,Données
50,19,Relecteur
50,20,Écriture
50,21,Relecteur
50,22,Analyse
50,23,Méthode
50,24,Méthode
50,25,Écriture
50,26,Relecteur
50,27,Écriture
50,28,Relecteur
50,29,Écriture
50,30,Expérimentation
50,31,Données
50,32,Expérimentation
50,33,Expérimentation
50,34,Analyse
50,35,Données
50,36,Expérimentation
50,37,Écriture
50,38,Relecteur
50,39,Relecteur
50,40,Idée
50,41,Méthode
50,42,Données
50,43,Idée
50,44,Expérimentation
50,45,Idée
50,46,Idée
50,47,Méthode
50,48,Relecteur
50,49,Analyse
50,50,Relecteur
50,51,Relecteur
50,52,Données
50,53,Analyse
50,54,Écriture
50,55,Expérimentation
50,56,Expérimentation
50,57,Analyse
50,58,Relecteur
50,59,Écriture
50,60,Relecteur
51,1,Expérimentation
51,2,Analyse
51,3,Données
51,4,Expérimentation
51,5,Analyse
51,6,Expérimentation
51,7,Idée
51,8,Données
51,9,Expérimentation
51,10,Méthode
51,11,Méthode
51,12,Données
51,13,Relecteur
51,14,Idée
51,15,Expérimentation
51,16,Écriture
51,17,Écriture
51,18,Relecteur
51,19,Analyse
51,20,Relecteur
51,21,Expérimentation
51,22,Écriture
51,23,Écriture
51,24,Analyse
51,25,Relecteur
51,26,Données
51,27,Écriture
51,28,Méthode
51,29,Méthode
51,30,Données
51,31,Méthode
51,32,Méthode
51,33,Idée
51,34,Analyse
51,35,Données
51,36,Analyse
51,37,Idée
51,38,Expérimentation
51,39,Données
51,40,Écriture
51,41,Relecteur
51,42,Données
51,43,Analyse
51,44,Relecteur
51,45,Données
51,46,Expérimentation
51,47,Données
51,48,Méthode
51,49,Méthode
51,50,Écriture
51,51,Analyse
51,52,Expérimentation
51,53,Idée
51,54,Écriture
51,55,Écriture
51,56,Idée
51,57,Expérimentation
51,58,Expérimentation
51,59,Écriture
51,60,Analyse
52,1,Idée
52,2,Méthode
52,3,Relecteur
52,4,Données
52,5,Expérimentation
52,6,Analyse
52,7,Expérimentation
52,8,Données
52,9,Méthode
52,10,Méthode
52,11,Analyse
52,12,Relecteur
52,13,Méthode
52,14,Relecteur
52,15,Idée
52,16,Relecteur
52,17,Relecteur
52,18,Écriture
52,19,Méthode
52,20,Analyse
52,21,Analyse
52,22,Analyse
52,23,Données
52,24,Méthode
52,25,Données
52,26,Relecteur
52,27,Relecteur
52,28,Analyse
52,29,Expérimentation
52,30,Idée
52,31,Analyse
52,32,Analyse
52,33,Méthode
52,34,Relecteur
52,35,Analyse
52,36,Données
52,37,Relecteur
52,38,Méthode
52,39,Idée
52,40,Données
52,41,Écriture
52,42,Données
52,43,Données
52,44,Méthode
52,45,Idée
52,46,Méthode
52,47,Données
52,48,Données
52,49,Données
52,50,Idée
52,51,Écriture
52,52,Écriture
52,53,Relecteur
52,54,Écriture
52,55,Méthode
52,56,Expérimentation
52,57,Analyse
52,58,Analyse
52,59,Expérimentation
52,60,Idée
53,1,Relecteur
53,2,Écriture
53,3,Données
53,4,Données
53,5,Analyse
53,6,Méthode
53,7,Données
53,8,Expérimentation
53,9,Analyse
53,10,Expérimentation
53,11,Données
53,12,Données
53,13,Relecteur
53,14,Analyse
53,15,Données
53,16,Expérimentation
53,17,Relecteur
53,18,Idée
53,19,Idée
53,20,Relecteur
53,21,Analyse
53,22,Écriture
53,23,Idée
53,24,Relecteur
53,25,Analyse
53,26,Méthode
53,27,Expérimentation
53,28,Données
53,29,Relecteur
53,30,Relecteur
53,31,Analyse
53,32,Méthode
53,33,Expérimentation
53,34,Relecteur
53,35,Expérimentation
53,36,Idée
53,37,Expérimentation
53,38,Relecteur
53,39,Relecteur
53,40,Méthode
53,41,Relecteur
53,42,Données
53,43,Expérimentation
53,44,Écriture
53,45,Écriture
53,46,Données
53,47,Données
53,48,Analyse
53,49,Données
53,50,Données
53,51,Relecteur
53,52,Expérimentation
53,53,Idée
53,54,Méthode
53,55,Analyse
53,56,Idée
53,57,Relecteur
53,58,Écriture
53,59,Écriture
53,60,Idée
54,1,Analyse
54,2,Méthode
54,3,Expérimentation
54,4,Écriture
54,5,Relecteur
54,6,Idée
54,7,Écriture
54,8,Relecteur
54,9,Méthode
54,10,Données
54,11,Méthode
54,12,Expérimentation
54,13,Expérimentation
54,14,Analyse
54,15,Écriture
54,16,Expérimentation
54,17,Données
54,18,Méthode
54,19,Idée
54,20,Méthode
54,21,Données
54,22,Écriture
54,23,Méthode
54,24,Expérimentation
54,25,Relecteur
54,26,Idée
54,27,Expérimentation
54,28,Idée
54,29,Expérimentation
54,30,Idée
54,31,Écriture
54,32,Idée
54,33,Relecteur
54,34,Relecteur
54,35,Données
54,36,Expérimentation
54,37,Idée
54,38,Expérimentation
54,39,Idée
54,40,Idée
54,41,Écriture
54,42,Écriture
54,43,Écriture
54,44,Relecteur
54,45,Analyse
54,46,Écriture
54,47,Méthode
54,48,Écriture
54,49,Données
54,50,Idée
54,51,Écriture
54,52,Écriture
54,53,Expérimentation
54,54,Expérimentation
54,55,Relecteur
54,56,Idée
54,57,Expérimentation
54,58,Expérimentation
54,59,Idée
54,60,Idée
55,1,Écriture
55,2,Analyse
55,3,Analyse
55,4,Expérimentation
55,5,Méthode
55,6,Méthode
55,7,Données
55,8,Analyse
55,9,Données
55,10,Méthode
55,11,Méthode
55,12,Méthode
55,13,Idée
55,14,Relecteur
55,15,Données
55,16,Expérimentation
55,17,Écriture
55,18,Méthode
55,19,Méthode
55,20,Analyse
55,21,Analyse
55,22,Données
55,23,Analyse
55,24,Idée
55,25,Écriture
55,26,Idée
55,27,Données
55,28,Données
55,29,Écriture
55,30,Expérimentation
55,31,Données
55,32,Expérimentation
55,33,Idée
55,34,Écriture
55,35,Données
55,36,Méthode
55,37,Méthode
55,38,Écriture
55,39,Écriture
55,40,Données
55,41,Analyse
55,42,Idée
55,43,Relecteur
55,44,Analyse
55,45,Idée
55,46,Idée
55,47,Écriture
55,48,Relecteur
55,49,Expérimentation
55,50,Analyse
55,51,Méthode
55,52,Méthode
55,53,Méthode
55,54,Idée
55,55,Analyse
55,56,Idée
55,57,Écriture
55,58,Écriture
55,59,Données
55,60,Expérimentation
56,1,Données
56,2,Données
56,3,Méthode
56,4,Relecteur
56,5,Écriture
56,6,Idée
56,7,Idée
56,8,Idée
56,9,Données
56,10,Données
56,11,Méthode
56,12,Expérimentation
56,13,Méthode
56,14,Relecteur
56,15,Expérimentation
56,16,Écriture
56,17,Méthode
56,18,Méthode
56,19,Données
56,20,Écriture
56,21,Écriture
56,22,Relecteur
56,23,Relecteur
56,24,Analyse
56,25,Expérimentation
56,26,Écriture
56,27,Analyse
56,28,Données
56,29,Méthode
56,30,Méthode
56,31,Écriture
56,32,Analyse
56,33,Relecteur
56,34,Idée
56,35,Analyse
56,36,Méthode
56,37,Relecteur
56,38,Données
56,39,Écriture
56,40,Méthode
56,41,Écriture
56,42,Expérimentation
56,43,Idée
56,44,Idée
56,45,Méthode
56,46,Analyse
56,47,Méthode
56,48,Écriture
56,49,Expérimentation
56,50,Analyse
56,51,Méthode
56,52,Idée
56,53,Idée
56,54,Relecteur
56,55,Expérimentation
56,56,Expérimentation
56,57,Idée
56,58,Idée
56,59,Analyse
56,60,Écriture
57,1,Analyse
57,2,Méthode
57,3,Relecteur
57,4,Idée
57,5,Relecteur
57,6,Données
57,7,Idée
57,8,Données
57,9,Idée
57,10,Analyse
57,11,Méthode
57,12,Écriture
57,13,Relecteur
57,14,Expérimentation
57,15,Expérimentation
57,16,Relecteur
57,17,Analyse
57,18,Expérimentation
57,19,Données
57,20,Méthode
57,21,Écriture
57,22,Expérimentation
57,23,Écriture
57,24,Expérimentation
57,25,Expérimentation
57,26,Écriture
57,27,Idée
57,28,Données
57,29,Méthode
57,30,Données
57,31,Expérimentation
57,32,Données
57,33,Expérimentation
57,34,Écriture
57,35,Relecteur
57,36,Analyse
57,37,Expérimentation
57,38,Idée
57,39,Idée
57,40,Relecteur
57,41,Analyse
57,42,Relecteur
57,43,Écriture
57,44,Idée
57,45,Écriture
57,46,Expérimentation
57,47,Relecteur
57,48,Données
57,49,Analyse
57,50,Écriture
57,51,Méthode
57,52,Méthode
57,53,Données
57,54,Relecteur
57,55,Analyse
57,56,Écriture
57,57,Relecteur
57,58,Analyse
57,59,Données
57,60,Analyse
58,1,Données
58,2,Analyse
58,3,Idée
58,4,Relecteur
58,5,Expérimentation
58,6,Méthode
58,7,Idée
58,8,Idée
58,9,Expérimentation
58,10,Méthode
58,11,Méthode
58,12,Écriture
58,13,Données
58,14,Analyse
58,15,Expérimentation
58,16,Écriture
58,17,Idée
58,18,Idée
58,19,Données
58,20,Analyse
58,21,Analyse
58,22,Analyse
58,23,Méthode
58,24,Écriture
58,25,Expérimentation
58,26,Idée
58,27,Méthode
58,28,Données
58,29,Données
58,30,Relecteur
58,31,Données
58,32,Analyse
58,33,Relecteur
58,34,Méthode
58,35,Écriture
58,36,Idée
58,37,Idée
58,38,Idée
58,39,Expérimentation
58,40,Relecteur
58,41,Expérimentation
58,42,Données
58,43,Idée
58,44,Analyse
58,45,Méthode
58,46,Données
58,47,Données
58,48,Expérimentation
58,49,Expérimentation
58,50,Écriture
58,51,Idée
58,52,Écriture
58,53,Relecteur
58,54,Analyse
58,55,Relecteur
58,56,Expérimentation
58,57,Analyse
58,58,Méthode
58,59,Écriture
58,60,Idée
59,1,Idée
59,2,Données
59,3,Écriture
59,4,Écriture
59,5,Idée
59,6,Méthode
59,7,Méthode
59,8,Données
59,9,Analyse
59,10,Écriture
59,11,Expérimentation
59,12,Écriture
59,13,Relecteur
59,14,Idée
59,15,Données
59,16,Idée
59,17,Méthode
59,18,Méthode
59,19,Relecteur
59,20,Idée
59,21,Écriture
59,22,Relecteur
59,23,Écriture
59,24,Écriture
59,25,Analyse
59,26,Expérimentation
59,27,Écriture
59,28,Relecteur
59,29,Analyse
59,30,Écriture
59,31,Expérimentation
59,32,Relecteur
59,33,Données
59,34,Relecteur
59,35,Idée
59,36,Écriture
59,37,Idée
59,38,Données
59,39,Relecteur
59,40,Idée
59,41,Données
59,42,Idée
59,43,Expérimentation
59,44,Écriture
59,45,Idée
59,46,Expérimentation
59,47,Données
59,48,Analyse
59,49,Données
59,50,Méthode
59,51,Analyse
59,52,Analyse
59,53,Analyse
59,54,Écriture
59,55,Expérimentation
59,56,Analyse
59,57,Écriture
59,58,Méthode
59,59,Idée
59,60,Méthode
60,1,Écriture
60,2,Données
60,3,Expérimentation
60,4,Relecteur
60,5,Idée
60,6,Expérimentation
60,7,Méthode
60,8,Idée
60,9,Méthode
60,10,Idée
60,11,Idée
60,12,Expérimentation
60,13,Données
60,14,Expérimentation
60,15,Relecteur
60,16,Méthode
60,17,Données
60,18,Méthode
60,19,Idée
60,20,Analyse
60,21,Analyse
60,22,Données
60,23,Analyse
60,24,Méthode
60,25,Idée
60,26,Idée
60,27,Données
60,28,Relecteur
60,29,Expérimentation
60,30,Relecteur
60,31,Méthode
60,32,Idée
60,33,Analyse
60,34,Idée
60,35,Données
60,36,Analyse
60,37,Données
60,38,Expérimentation
60,39,Analyse
60,40,Écriture
60,41,Méthode
60,42,Analyse
60,43,Idée
60,44,Données
60,45,Relecteur
60,46,Analyse
60,47,Relecteur
60,48,Données
60,49,Écriture
60,50,Expérimentation
60,51,Écriture
60,52,Écriture
60,53,Analyse
60,54,Relecteur
60,55,Idée
60,56,Analyse
60,57,Méthode
60,58,Expérimentation
60,59,Données
60,60,Analyse
61,1,Écriture
61,2,Écriture
61,3,Idée
61,4,Relecteur
61,5,Écriture
61,6,Analyse
61,7,Données
61,8,Données
61,9,Expérimentation
61,10,Relecteur
61,11,Relecteur
61,12,Relecteur
61,13,Expérimentation
61,14,Relecteur
61,15,Relecteur
61,16,Méthode
61,17,Relecteur
61,18,Analyse
61,19,Expérimentation
61,20,Idée
61,21,Données
61,22,Idée
61,23,Méthode
61,24,Données
61,25,Idée
61,26,Relecteur
61,27,Méthode
61,28,Méthode
61,29,Idée
61,30,Méthode
61,31,Données
61,32,Écriture
61,33,Écriture
61,34,Analyse
61,35,Écriture
61,36,Analyse
61,37,Analyse
61,38,Méthode
61,39,Relecteur
61,40,Relecteur
61,41,Relecteur
61,42,Expérimentation
61,43,Écriture
61,44,Données
61,45,Relecteur
61,46,Analyse
61,47,Analyse
61,48,Écriture
61,49,Expérimentation
61,50,Idée
61,51,Écriture
61,52,Écriture
61,53,Méthode
61,54,Relecteur
61,55,Relecteur
61,56,Idée
61,57,Relecteur
61,58,Relecteur
61,59,Expérimentation
61,60,Méthode
62,1,Données
62,2,Idée
62,3,Relecteur
62,4,Données
62,5,Méthode
62,6,Analyse
62,7,Expérimentation
62,8,Relecteur
62,9,Relecteur
62,10,Données
62,11,Analyse
62,12,Écriture
62,13,Écriture
62,14,Analyse
62,15,Analyse
62,16,Expérimentation
62,17,Relecteur
62,18,Relecteur
62,19,Idée
62,20,Analyse
62,21,Écriture
62,22,Méthode
62,23,Données
62,24,Relecteur
62,25,Relecteur
62,26,Méthode
62,27,Méthode
62,28,Données
62,29,Analyse
62,30,Données
62,31,Méthode
62,32,Expérimentation
62,33,Écriture
62,34,Méthode
62,35,Relecteur
62,36,Méthode
62,37,Écriture
62,38,Méthode
62,39,Idée
62,40,Expérimentation
62,41,Données
62,42,Expérimentation
62,43,Analyse
62,44,Expérimentation
62,45,Analyse
62,46,Idée
62,47,Relecteur
62,48,Relecteur
62,49,Expérimentation
62,50,Idée
62,51,Expérimentation
62,52,Méthode
62,53,Méthode
62,54,Données
62,55,Idée
62,56,Écriture
62,57,Expérimentation
62,58,Relecteur
62,59,Données
62,60,Écriture
63,1,Idée
63,2,Idée
63,3,Idée
63,4,Expérimentation
63,5,Écriture
63,6,Données
63,7,Analyse
63,8,Données
63,9,Expérimentation
63,10,Analyse
63,11,Données
63,12,Écriture
63,13,Écriture
63,14,Données
63,15,Analyse
63,16,Méthode
63,17,Données
63,18,Données
63,19,Expérimentation
63,20,Idée
63,21,Expérimentation
63,22,Écriture
63,23,Écriture
63,24,Méthode
63,25,Données
63,26,Méthode
63,27,Méthode
63,28,Relecteur
63,29,Relecteur
63,30,Méthode
63,31,Écriture
63,32,Analyse
63,33,Idée
63,34,Écriture
63,35,Expérimentation
63,36,Méthode
63,37,Idée
63,38,Analyse
63,39,Idée
63,40,Expérimentation
63,41,Écriture
63,42,Analyse
63,43,Relecteur
63,44,Écriture
63,45,Expérimentation
63,46,Données
63,47,Expérimentation
63,48,Écriture
63,49,Méthode
63,50,Idée
63,51,Méthode
63,52,Relecteur
63,53,Analyse
63,54,Expérimentation
63,55,Idée
63,56,Écriture
63,57,Écriture
63,58,Expérimentation
63,59,Écriture
63,60,Idée
64,1,Analyse
64,2,Méthode
64,3,Écriture
64,4,Écriture
64,5,Méthode
64,6,Données
64,7,Idée
64,8,Idée
64,9,Relecteur
64,10,Relecteur
64,11,Expérimentation
64,12,Données
64,13,Expérimentation
64,14,Analyse
64,15,Méthode
64,16,Méthode
64,17,Relecteur
64,18,Données
64,19,Analyse
64,20,Analyse
64,21,Idée
64,22,Écriture
64,23,Idée
64,24,Relecteur
64,25,Écriture
64,26,Analyse
64,27,Relecteur
64,28,Analyse
64,29,Relecteur
64,30,Méthode
64,31,Analyse
64,32,Relecteur
64,33,Analyse
64,34,Analyse
64,35,Écriture
64,36,Relecteur
64,37,Expérimentation
64,38,Analyse
64,39,Méthode
64,40,Méthode
64,41,Analyse
64,42,Analyse
64,43,Idée
64,44,Relecteur
64,45,Méthode
64,46,Écriture
64,47,Écriture
64,48,Idée
64,49,Écriture
64,50,Écriture
64,51,Données
64,52,Données
64,53,Relecteur
64,54,Idée
64,55,Expérimentation
64,56,Idée
64,57,Écriture
64,58,Écriture
64,59,Données
64,60,Relecteur
65,1,Relecteur
65,2,Méthode
65,3,Relecteur
65,4,Données
65,5,Expérimentation
65,6,Analyse
65,7,Écriture
65,8,Données
65,9,Méthode
65,10,Écriture
65,11,Analyse
65,12,Relecteur
65,13,Relecteur
65,14,Méthode
65,15,Méthode
65,16,Analyse
65,17,Expérimentation
65,18,Idée
65,19,Écriture
65,20,Relecteur
65,21,Idée
65,22,Expérimentation
65,23,Expérimentation
65,24,Analyse
65,25,Analyse
65,26,Données
65,27,Écriture
65,28,Données
65,29,Idée
65,30,Écriture
65,31,Données
65,32,Idée
65,33,Méthode
65,34,Méthode
65,35,Écriture
65,36,Idée
65,37,Données
65,38,Idée
65,39,Expérimentation
65,40,Données
65,41,Relecteur
65,42,Relecteur
65,43,Idée
65,44,Données
65,45,Analyse
65,46,Analyse
65,47,Méthode
65,48,Données
65,49,Relecteur
65,50,Méthode
65,51,Expérimentation
65,52,Expérimentation
65,53,Expérimentation
65,54,Relecteur
65,55,Méthode
65,56,Écriture
65,57,Écriture
65,58,Relecteur
65,59,Analyse
65,60,Écriture
66,1,Analyse
66,2,Données
66,3,Données
66,4,Analyse
66,5,Méthode
66,6,Idée
66,7,Expérimentation
66,8,Méthode
66,9,Idée
66,10,Données
66,11,Méthode
66,12,Méthode
66,13,Méthode
66,14,Méthode
66,15,Relecteur
66,16,Données
66,17,Expérimentation
66,18,Expérimentation
66,19,Idée
66,20,Analyse
66,21,Idée
66,22,Écriture
66,23,Expérimentation
66,24,Données
66,25,Écriture
66,26,Expérimentation
66,27,Données
66,28,Données
66,29,Idée
66,30,Idée
66,31,Relecteur
66,32,Méthode
66,33,Relecteur
66,34,Relecteur
66,35,Écriture
66,36,Analyse
66,37,Analyse
66,38,Relecteur
66,39,Écriture
66,40,Écriture
66,41,Expérimentation
66,42,Idée
66,43,Analyse
66,44,Relecteur
66,45,Écriture
66,46,Expérimentation
66,47,Relecteur
66,48,Expérimentation
66,49,Analyse
66,50,Relecteur
66,51,Expérimentation
66,52,Méthode
66,53,Idée
66,54,Expérimentation
66,55,Expérimentation
66,56,Expérimentation
66,57,Analyse
66,58,Relecteur
66,59,Relecteur
66,60,Relecteur
67,1,Expérimentation
67,2,Expérimentation
67,3,Analyse
67,4,Données
67,5,Idée
67,6,Analyse
67,7,Analyse
67,8,Relecteur
67,9,Données
67,10,Analyse
67,11,Idée
67,12,Écriture
67,13,Relecteur
67,14,Écriture
67,15,Relecteur
67,16,Méthode
67,17,Données
67,18,Méthode
67,19,Méthode
67,20,Écriture
67,21,Données
67,22,Écriture
67,23,Analyse
67,24,Méthode
67,25,Méthode
67,26,Idée
67,27,Données
67,28,Expérimentation
67,29,Relecteur
67,30,Idée
67,31,Méthode
67,32,Données
67,33,Méthode
67,34,Relecteur
67,35,Méthode
67,36,Données
67,37,Expérimentation
67,38,Relecteur
67,39,Idée
67,40,Méthode
67,41,Écriture
67,42,Expérimentation
67,43,Expérimentation
67,44,Idée
67,45,Relecteur
67,46,Analyse
67,47,Idée
67,48,Données
67,49,Écriture
67,50,Relecteur
67,51,Expérimentation
67,52,Idée
67,53,Expérimentation
67,54,Relecteur
67,55,Données
67,56,Écriture
67,57,Idée
67,58,Analyse
67,59,Relecteur
67,60,Analyse
68,1,Expérimentation
68,2,Données
68,3,Méthode
68,4,Écriture
68,5,Analyse
68,6,Méthode
68,7,Méthode
68,8,Expérimentation
68,9,Écriture
68,10,Relecteur
68,11,Méthode
68,12,Analyse
68,13,Analyse
68,14,Données
68,15,Expérimentation
68,16,Expérimentation
68,17,Expérimentation
68,18,Analyse
68,19,Expérimentation
68,20,Écriture
68,21,Données
68,22,Relecteur
68,23,Données
68,24,Analyse
68,25,Analyse
68,26,Idée
68,27,Écriture
68,28,Expérimentation
68,29,Données
68,30,Idée
68,31,Écriture
68,32,Analyse
68,33,Méthode
68,34,Idée
68,35,Idée
68,36,Méthode
68,37,Méthode
68,38,Données
68,39,Relecteur
68,40,Idée
68,41,Expérimentation
68,42,Méthode
68,43,Méthode
68,44,Analyse
68,45,Expérimentation
68,46,Expérimentation
68,47,Méthode
68,48,Analyse
68,49,Expérimentation
68,50,Relecteur
68,51,Écriture
68,52,Écriture
68,53,Écriture
68,54,Données
68,55,Écriture
68,56,Analyse
68,57,Expérimentation
68,58,Écriture
68,59,Expérimentation
68,60,Relecteur
69,1,Données
69,2,Méthode
69,3,Écriture
69,4,Idée
69,5,Idée
69,6,Analyse
69,7,Analyse
69,8,Relecteur
69,9,Relecteur
69,10,Analyse
69,11,Idée
69,12,Données
69,13,Écriture
69,14,Écriture
69,15,Expérimentation
69,16,Écriture
69,17,Relecteur
69,18,Idée
69,19,Expérimentation
69,20,Analyse
69,21,Expérimentation
69,22,Écriture
69,23,Données
69,24,Données
69,25,Méthode
69,26,Écriture
69,27,Idée
69,28,Analyse
69,29,Analyse
69,30,Analyse
69,31,Analyse
69,32,Expérimentation
69,33,Expérimentation
69,34,Analyse
69,35,Données
69,36,Idée
69,37,Analyse
69,38,Données
69,39,Méthode
69,40,Écriture
69,41,Données
69,42,Méthode
69,43,Analyse
69,44,Écriture
69,45,Méthode
69,46,Expérimentation
69,47,Écriture
69,48,Méthode
69,49,Expérimentation
69,50,Écriture
69,51,Écriture
69,52,Écriture
69,53,Méthode
69,54,Méthode
69,55,Expérimentation
69,56,Écriture
69,57,Relecteur
69,58,Méthode
69,59,Expérimentation
69,60,Écriture
70,1,Expérimentation
70,2,Données
70,3,Idée
70,4,Relecteur
70,5,Analyse
70,6,Idée
70,7,Écriture
70,8,Données
70,9,Données
70,10,Écriture
70,11,Données
70,12,Idée
70,13,Méthode
70,14,Analyse
70,15,Données
70,16,Relecteur
70,17,Écriture
70,18,Analyse
70,19,Écriture
70,20,Méthode
70,21,Expérimentation
70,22,Écriture
70,23,Données
70,24,Données
70,25,Données
70,26,Relecteur
70,27,Relecteur
70,28,Relecteur
70,29,Relecteur
70,30,Idée
70,31,Méthode
70,32,Idée
70,33,Écriture
70,34,Méthode
70,35,Données
70,36,Analyse
70,37,Analyse
70,38,Données
70,39,Expérimentation
70,40,Données
70,41,Méthode
70,42,Données
70,43,Analyse
70,44,Relecteur
70,45,Relecteur
70,46,Méthode
70,47,Méthode
70,48,Écriture
70,49,Données
70,50,Expérimentation
70,51,Écriture
70,52,Idée
70,53,Idée
70,54,Expérimentation
70,55,Analyse
70,56,Écriture
70,57,Idée
70,58,Idée
70,59,Analyse
70,60,Relecteur
71,1,Relecteur
71,2,Expérimentation
71,3,Méthode
71,4,Expérimentation
71,5,Expérimentation
71,6,Analyse
71,7,Méthode
71,8,Expérimentation
71,9,Expérimentation
71,10,Écriture
71,11,Analyse
71,12,Idée
71,13,Données
71,14,Écriture
71,15,Données
71,16,Analyse
71,17,Méthode
71,18,Écriture
71,19,Analyse
71,20,Relecteur
71,21,Analyse
71,22,Analyse
71,23,Relecteur
71,24,Écriture
71,25,Expérimentation
71,26,Relecteur
71,27,Données
71,28,Écriture
71,29,Idée
71,30,Écriture
71,31,Expérimentation
71,32,Relecteur
71,33,Idée
71,34,Expérimentation
71,35,Méthode
71,36,Expérimentation
71,37,Écriture
71,38,Analyse
71,39,Expérimentation
71,40,Idée
71,41,Relecteur
71,42,Méthode
71,43,Données
71,44,Idée
71,45,Écriture
71,46,Relecteur
71,47,Expérimentation
71,48,Relecteur
71,49,Analyse
71,50,Expérimentation
71,51,Idée
71,52,Analyse
71,53,Méthode
71,54,Idée
71,55,Relecteur
71,56,Analyse
71,57,Relecteur
71,58,Analyse
71,59,Idée
71,60,Idée
72,1,Analyse
72,2,Relecteur
72,3,Analyse
72,4,Expérimentation
72,5,Analyse
72,6,Écriture
72,7,Méthode
72,8,Écriture
72,9,Données
72,10,Écriture
72,11,Idée
72,12,Données
72,13,Méthode
72,14,Écriture
72,15,Idée
72,16,Relecteur
72,17,Données
72,18,Idée
72,19,Données
72,20,Idée
72,21,Idée
72,22,Expérimentation
72,23,Écriture
72,24,Écriture
72,25,Écriture
72,26,Idée
72,27,Méthode
72,28,Écriture
72,29,Idée
72,30,Écriture
72,31,Expérimentation
72,32,Analyse
72,33,Écriture
72,34,Écriture
72,35,Relecteur
72,36,Écriture
72,37,Analyse
72,38,Écriture
72,39,Expérimentation
72,40,Idée
72,41,Méthode
72,42,Écriture
72,43,Écriture
72,44,Idée
72,45,Analyse
72,46,Méthode
72,47,Relecteur
72,48,Écriture
72,49,Données
72,50,Méthode
72,51,Idée
72,52,Expérimentation
72,53,Méthode
72,54,Analyse
72,55,Méthode
72,56,Relecteur
72,57,Données
72,58,Expérimentation
72,59,Analyse
72,60,Méthode
73,1,Écriture
73,2,Données
73,3,Écriture
73,4,Données
73,5,Idée
73,6,Méthode
73,7,Méthode
73,8,Idée
73,9,Analyse
73,10,Méthode
73,11,Méthode
73,12,Relecteur
73,13,Données
73,14,Relecteur
73,15,Écriture
73,16,Méthode
73,17,Méthode
73,18,Données
73,19,Expérimentation
73,20,Données
73,21,Idée
73,22,Expérimentation
73,23,Idée
73,24,Méthode
73,25,Analyse
73,26,Idée
73,27,Écriture
73,28,Analyse
73,29,Analyse
73,30,Méthode
73,31,Méthode
73,32,Relecteur
73,33,Méthode
73,34,Méthode
73,35,Relecteur
73,36,Écriture
73,37,Données
73,38,Analyse
73,39,Méthode
73,40,Relecteur
73,41,Données
73,42,Données
73,43,Méthode
73,44,Idée
73,45,Données
73,46,Idée
73,47,Idée
73,48,Idée
73,49,Méthode
73,50,Données
73,51,Méthode
73,52,Données
73,53,Relecteur
73,54,Idée
73,55,Données
73,56,Relecteur
73,57,Idée
73,58,Méthode
73,59,Expérimentation
73,60,Idée
74,1,Expérimentation
74,2,Écriture
74,3,Relecteur
74,4,Écriture
74,5,Écriture
74,6,Écriture
74,7,Écriture
74,8,Écriture
74,9,Relecteur
74,10,Écriture
74,11,Idée
74,12,Expérimentation
74,13,Méthode
74,14,Relecteur
74,15,Relecteur
74,16,Relecteur
74,17,Écriture
74,18,Expérimentation
74,19,Relecteur
74,20,Données
74,21,Données
74,22,Analyse
74,23,Méthode
74,24,Expérimentation
74,25,Écriture
74,26,Méthode
74,27,Écriture
74,28,Relecteur
74,29,Expérimentation
74,30,Méthode
74,31,Méthode
74,32,Idée
74,33,Analyse
74,34,Expérimentation
74,35,Relecteur
74,36,Idée
74,37,Idée
74,38,Expérimentation
74,39,Expérimentation
74,40,Analyse
74,41,Analyse
74,42,Données
74,43,Analyse
74,44,Analyse
74,45,Analyse
74,46,Méthode
74,47,Données
74,48,Données
74,49,Écriture
74,50,Idée
74,51,Données
74,52,Idée
74,53,Idée
74,54,Expérimentation
74,55,Relecteur
74,56,Écriture
74,57,Données
74,58,Données
74,59,Idée
74,60,Analyse
75,1,Écriture
75,2,Idée
75,3,Relecteur
75,4,Méthode
75,5,Données
75,6,Données
75,7,Méthode
75,8,Idée
75,9,Écriture
75,10,Relecteur
75,11,Écriture
75,12,Méthode
75,13,Écriture
75,14,Analyse
75,15,Expérimentation
75,16,Données
75,17,Idée
75,18,Expérimentation
75,19,Relecteur
75,20,Données
75,21,Idée
75,22,Relecteur
75,23,Écriture
75,24,Données
75,25,Écriture
75,26,Données
75,27,Relecteur
75,28,Écriture
75,29,Analyse
75,30,Données
75,31,Expérimentation
75,32,Écriture
75,33,Expérimentation
75,34,Écriture
75,35,Expérimentation
75,36,Expérimentation
75,37,Analyse
75,38,Relecteur
75,39,Expérimentation
75,40,Écriture
75,41,Idée
75,42,Relecteur
75,43,Données
75,44,Relecteur
75,45,Données
75,46,Expérimentation
75,47,Idée
75,48,Analyse
75,49,Écriture
75,50,Analyse
75,51,Données
75,52,Expérimentation
75,53,Analyse
75,54,Idée
75,55,Relecteur
75,56,Relecteur
75,57,Idée
75,58,Relecteur
75,59,Écriture
75,60,Expérimentation
76,1,Données
76,2,Méthode
76,3,Relecteur
76,4,Relecteur
76,5,Analyse
76,6,Idée
76,7,Relecteur
76,8,Analyse
76,9,Idée
76,10,Écriture
76,11,Données
76,12,Idée
76,13,Relecteur
76,14,Analyse
76,15,Relecteur
76,16,Données
76,17,Idée
76,18,Idée
76,19,Idée
76,20,Relecteur
76,21,Méthode
76,22,Relecteur
76,23,Expérimentation
76,24,Écriture
76,25,Écriture
76,26,Expérimentation
76,27,Expérimentation
76,28,Données
76,29,Écriture
76,30,Expérimentation
76,31,Données
76,32,Relecteur
76,33,Données
76,34,Expérimentation
76,35,Méthode
76,36,Expérimentation
76,37,Méthode
76,38,Écriture
76,39,Écriture
76,40,Méthode
76,41,Expérimentation
76,42,Expérimentation
76,43,Données
76,44,Idée
76,45,Relecteur
76,46,Relecteur
76,47,Écriture
76,48,Données
76,49,Relecteur
76,50,Analyse
76,51,Méthode
76,52,Méthode
76,53,Analyse
76,54,Relecteur
76,55,Méthode
76,56,Méthode
76,57,Relecteur
76,58,Écriture
76,59,Écriture
76,60,Expérimentation
77,1,Relecteur
77,2,Données
77,3,Écriture
77,4,Écriture
77,5,Analyse
77,6,Analyse
77,7,Méthode
77,8,Écriture
77,9,Analyse
77,10,Analyse
77,11,Écriture
77,12,Relecteur
77,13,Données
77,14,Expérimentation
77,15,Méthode
77,16,Méthode
77,17,Expérimentation
77,18,Écriture
77,19,Données
77,20,Méthode
77,21,Méthode
77,22,Analyse
77,23,Relecteur
77,24,Analyse
77,25,Relecteur
77,26,Relecteur
77,27,Idée
77,28,Relecteur
77,29,Écriture
77,30,Relecteur
77,31,Relecteur
77,32,Idée
77,33,Idée
77,34,Analyse
77,35,Données
77,36,Expérimentation
77,37,Analyse
77,38,Données
77,39,Relecteur
77,40,Expérimentation
77,41,Expérimentation
77,42,Méthode
77,43,Méthode
77,44,Analyse
77,45,Relecteur
77,46,Écriture
77,47,Données
77,48,Relecteur
77,49,Analyse
77,50,Écriture
77,51,Méthode
77,52,Idée
77,53,Expérimentation
77,54,Idée
77,55,Analyse
77,56,Relecteur
77,57,Relecteur
77,58,Relecteur
77,59,Méthode
77,60,Relecteur
78,1,Données
78,2,Relecteur
78,3,Données
78,4,Relecteur
78,5,Relecteur
78,6,Relecteur
78,7,Analyse
78,8,Idée
78,9,Expérimentation
78,10,Expérimentation
78,11,Idée
78,12,Données
78,13,Écriture
78,14,Expérimentation
78,15,Idée
78,16,Expérimentation
78,17,Analyse
78,18,Écriture
78,19,Relecteur
78,20,Méthode
78,21,Données
78,22,Idée
78,23,Analyse
78,24,Relecteur
78,25,Écriture
78,26,Données
78,27,Données
78,28,Données
78,29,Idée
78,30,Analyse
78,31,Écriture
78,32,Idée
78,33,Méthode
78,34,Idée
78,35,Idée
78,36,Analyse
78,37,Idée
78,38,Analyse
78,39,Écriture
78,40,Écriture
78,41,Écriture
78,42,Analyse
78,43,Idée
78,44,Expérimentation
78,45,Relecteur
78,46,Méthode
78,47,Relecteur
78,48,Analyse
78,49,Écriture
78,50,Données
78,51,Méthode
78,52,Expérimentation
78,53,Méthode
78,54,Méthode
78,55,Idée
78,56,Écriture
78,57,Expérimentation
78,58,Écriture
78,59,Écriture
78,60,Idée
79,1,Idée
79,2,Expérimentation
79,3,Données
79,4,Analyse
79,5,Écriture
79,6,Méthode
79,7,Données
79,8,Données
79,9,Relecteur
79,10,Données
79,11,Relecteur
79,12,Écriture
79,13,Écriture
79,14,Idée
79,15,Écriture
79,16,Expérimentation
79,17,Données
79,18,Relecteur
79,19,Données
79,20,Idée
79,21,Analyse
79,22,Relecteur
79,23,Relecteur
79,24,Relecteur
79,25,Relecteur
79,26,Expérimentation
79,27,Écriture
79,28,Expérimentation
79,29,Écriture
79,30,Idée
79,31,Analyse
79,32,Expérimentation
79,33,Écriture
79,34,Relecteur
79,35,Relecteur
79,36,Relecteur
79,37,Expérimentation
79,38,Données
79,39,Expérimentation
79,40,Écriture
79,41,Données
79,42,Relecteur
79,43,Méthode
79,44,Données
79,45,Relecteur
79,46,Expérimentation
79,47,Données
79,48,Méthode
79,49,Données
79,50,Analyse
79,51,Idée
79,52,Expérimentation
79,53,Relecteur
79,54,Données
79,55,Relecteur
79,56,Méthode
79,57,Méthode
79,58,Données
79,59,Écriture
79,60,Méthode
80,1,Relecteur
80,2,Expérimentation
80,3,Analyse
80,4,Données
80,5,Méthode
80,6,Méthode
80,7,Relecteur
80,8,Idée
80,9,Données
80,10,Écriture
80,11,Méthode
80,12,Écriture
80,13,Expérimentation
80,14,Idée
80,15,Analyse
80,16,Méthode
80,17,Expérimentation
80,18,Données
80,19,Données
80,20,Expérimentation
80,21,Méthode
80,22,Analyse
80,23,Idée
80,24,Données
80,25,Méthode
80,26,Expérimentation
80,27,Relecteur
80,28,Idée
80,29,Écriture
80,30,Écriture
80,31,Expérimentation
80,32,Écriture
80,33,Écriture
80,34,Relecteur
80,35,Écriture
80,36,Relecteur
80,37,Données
80,38,Écriture
80,39,Expérimentation
80,40,Idée
80,41,Relecteur
80,42,Idée
80,43,Relecteur
80,44,Écriture
80,45,Analyse
80,46,Relecteur
80,47,Expérimentation
80,48,Écriture
80,49,Écriture
80,50,Relecteur
80,51,Méthode
80,52,Idée
80,53,Méthode
80,54,Méthode
80,55,Méthode
80,56,Méthode
80,57,Méthode
80,58,Analyse
80,59,Méthode
80,60,Expérimentation
81,1,Données
81,2,Écriture
81,3,Écriture
81,4,Analyse
81,5,Idée
81,6,Idée
81,7,Méthode
81,8,Idée
81,9,Relecteur
81,10,Analyse
81,11,Idée
81,12,Expérimentation
81,13,Idée
81,14,Écriture
81,15,Expérimentation
81,16,Expérimentation
81,17,Méthode
81,18,Idée
81,19,Expérimentation
81,20,Idée
81,21,Expérimentation
81,22,Relecteur
81,23,Méthode
81,24,Idée
81,25,Idée
81,26,Relecteur
81,27,Relecteur
81,28,Idée
81,29,Idée
81,30,Méthode
81,31,Expérimentation
81,32,Données
81,33,Relecteur
81,34,Relecteur
81,35,Écriture
81,36,Analyse
81,37,Données
81,38,Expérimentation
81,39,Idée
81,40,Méthode
81,41,Expérimentation
81,42,Analyse
81,43,Données
81,44,Idée
81,45,Idée
81,46,Écriture
81,47,Relecteur
81,48,Relecteur
81,49,Relecteur
81,50,Idée
81,51,Données
81,52,Écriture
81,53,Idée
81,54,Idée
81,55,Écriture
81,56,Idée
81,57,Relecteur
81,58,Idée
81,59,Expérimentation
81,60,Données
82,1,Écriture
82,2,Données
82,3,Méthode
82,4,Analyse
82,5,Méthode
82,6,Analyse
82,7,Expérimentation
82,8,Écriture
82,9,Analyse
82,10,Expérimentation
82,11,Expérimentation
82,12,Idée
82,13,Écriture
82,14,Relecteur
82,15,Données
82,16,Données
82,17,Analyse
82,18,Expérimentation
82,19,Écriture
82,20,Expérimentation
82,21,Idée
82,22,Idée
82,23,Méthode
82,24,Analyse
82,25,Données
82,26,Données
82,27,Analyse
82,28,Méthode
82,29,Données
82,30,Expérimentation
82,31,Données
82,32,Idée
82,33,Analyse
82,34,Méthode
82,35,Idée
82,36,Analyse
82,37,Données
82,38,Expérimentation
82,39,Méthode
82,40,Idée
82,41,Données
82,42,Écriture
82,43,Données
82,44,Expérimentation
82,45,Écriture
82,46,Idée
82,47,Méthode
82,48,Écriture
82,49,Analyse
82,50,Données
82,51,Écriture
82,52,Méthode
82,53,Écriture
82,54,Données
82,55,Expérimentation
82,56,Données
82,57,Données
82,58,Relecteur
82,59,Écriture
82,60,Idée
83,1,Données
83,2,Analyse
83,3,Expérimentation
83,4,Analyse
83,5,Relecteur
83,6,Relecteur
83,7,Données
83,8,Relecteur
83,9,Idée
83,10,Écriture
83,11,Données
83,12,Expérimentation
83,13,Relecteur
83,14,Idée
83,15,Relecteur
83,16,Écriture
83,17,Données
83,18,Méthode
83,19,Idée
83,20,Relecteur
83,21,Méthode
83,22,Expérimentation
83,23,Données
83,24,Expérimentation
83,25,Écriture
83,26,Relecteur
83,27,Méthode
83,28,Données
83,29,Méthode
83,30,Méthode
83,31,Analyse
83,32,Idée
83,33,Analyse
83,34,Expérimentation
83,35,Idée
83,36,Analyse
83,37,Relecteur
83,38,Méthode
83,39,Écriture
83,40,Méthode
83,41,Analyse
83,42,Expérimentation
83,43,Expérimentation
83,44,Idée
83,45,Analyse
83,46,Relecteur
83,47,Idée
83,48,Idée
83,49,Idée
83,50,Analyse
83,51,Analyse
83,52,Données
83,53,Analyse
83,54,Données
83,55,Expérimentation
83,56,Données
83,57,Analyse
83,58,Analyse
83,59,Analyse
83,60,Écriture
84,1,Expérimentation
84,2,Analyse
84,3,Idée
84,4,Analyse
84,5,Relecteur
84,6,Analyse
84,7,Analyse
84,8,Analyse
84,9,Idée
84,10,Expérimentation
84,11,Relecteur
84,12,Écriture
84,13,Analyse
84,14,Méthode
84,15,Méthode
84,16,Écriture
84,17,Relecteur
84,18,Analyse
84,19,Écriture
84,20,Écriture
84,21,Données
84,22,Données
84,23,Relecteur
84,24,Analyse
84,25,Relecteur
84,26,Données
84,27,Analyse
84,28,Relecteur
84,29,Idée
84,30,Expérimentation
84,31,Relecteur
84,32,Expérimentation
84,33,Relecteur
84,34,Idée
84,35,Écriture
84,36,Analyse
84,37,Données
84,38,Relecteur
84,39,Données
84,40,Méthode
84,41,Méthode
84,42,Données
84,43,Relecteur
84,44,Expérimentation
84,45,Idée
84,46,Écriture
84,47,Relecteur
84,48,Expérimentation
84,49,Relecteur
84,50,Relecteur
84,51,Expérimentation
84,52,Méthode
84,53,Idée
84,54,Expérimentation
84,55,Analyse
84,56,Idée
84,57,Relecteur
84,58,Expérimentation
84,59,Méthode
84,60,Analyse
85,1,Écriture
85,2,Analyse
85,3,Idée
85,4,Relecteur
85,5,Écriture
85,6,Expérimentation
85,7,Données
85,8,Données
85,9,Relecteur
85,10,Expérimentation
85,11,Idée
85,12,Expérimentation
85,13,Données
85,14,Relecteur
85,15,Relecteur
85,16,Méthode
85,17,Écriture
85,18,Méthode
85,19,Idée
85,20,Écriture
85,21,Méthode
85,22,Méthode
85,23,Expérimentation
85,24,Idée
85,25,Analyse
85,26,Relecteur
85,27,Données
85,28,Relecteur
85,29,Expérimentation
85,30,Expérimentation
85,31,Relecteur
85,32,Idée
85,33,Écriture
85,34,Écriture
85,35,Expérimentation
85,36,Données
85,37,Idée
85,38,Idée
85,39,Analyse
85,40,Expérimentation
85,41,Relecteur
85,42,Idée
85,43,Données
85,44,Écriture
85,45,Analyse
85,46,Écriture
85,47,Données
85,48,Relecteur
85,49,Relecteur
85,50,Idée
85,51,Analyse
85,52,Analyse
85,53,Données
85,54,Relecteur
85,55,Idée
85,56,Écriture
85,57,Relecteur
85,58,Méthode
85,59,Méthode
85,60,Relecteur
86,1,Expérimentation
86,2,Écriture
86,3,Relecteur
86,4,Écriture
86,5,Relecteur
86,6,Expérimentation
86,7,Données
86,8,Idée
86,9,Données
86,10,Expérimentation
86,11,Expérimentation
86,12,Relecteur
86,13,Données
86,14,Idée
86,15,Analyse
86,16,Données
86,17,Méthode
86,18,Méthode
86,19,Données
86,20,Expérimentation
86,21,Expérimentation
86,22,Idée
86,23,Analyse
86,24,Relecteur
86,25,Écriture
86,26,Analyse
86,27,Idée
86,28,Écriture
86,29,Méthode
86,30,Expérimentation
86,31,Données
86,32,Expérimentation
86,33,Méthode
86,34,Analyse
86,35,Analyse
86,36,Analyse
86,37,Méthode
86,38,Expérimentation
86,39,Relecteur
86,40,Idée
86,41,Relecteur
86,42,Idée
86,43,Expérimentation
86,44,Idée
86,45,Analyse
86,46,Analyse
86,47,Idée
86,48,Données
86,49,Relecteur
86,50,Écriture
86,51,Écriture
86,52,Écriture
86,53,Relecteur
86,54,Analyse
86,55,Écriture
86,56,Données
86,57,Écriture
86,58,Analyse
86,59,Analyse
86,60,Méthode
87,1,Données
87,2,Analyse
87,3,Écriture
87,4,Méthode
87,5,Écriture
87,6,Expérimentation
87,7,Méthode
87,8,Idée
87,9,Données
87,10,Méthode
87,11,Relecteur
87,12,Idée
87,13,Méthode
87,14,Données
87,15,Écriture
87,16,Expérimentation
87,17,Données
87,18,Écriture
87,19,Idée
87,20,Idée
87,21,Idée
87,22,Analyse
87,23,Relecteur
87,24,Écriture
87,25,Relecteur
87,26,Expérimentation
87,27,Écriture
87,28,Idée
87,29,Données
87,30,Méthode
87,31,Idée
87,32,Expérimentation
87,33,Méthode
87,34,Méthode
87,35,Expérimentation
87,36,Méthode
87,37,Expérimentation
87,38,Expérimentation
87,39,Données
87,40,Méthode
87,41,Expérimentation
87,42,Écriture
87,43,Écriture
87,44,Écriture
87,45,Idée
87,46,Méthode
87,47,Écriture
87,48,Analyse
87,49,Méthode
87,50,Relecteur
87,51,Analyse
87,52,Données
87,53,Relecteur
87,54,Analyse
87,55,Idée
87,56,Méthode
87,57,Écriture
87,58,Relecteur
87,59,Relecteur
87,60,Écriture
88,1,Méthode
88,2,Méthode
88,3,Expérimentation
88,4,Expérimentation
88,5,Expérimentation
88,6,Écriture
88,7,Méthode
88,8,Données
88,9,Données
88,10,Données
88,11,Relecteur
88,12,Données
88,13,Écriture
88,14,Expérimentation
88,15,Analyse
88,16,Relecteur
88,17,Données
88,18,Méthode
88,19,Données
88,20,Analyse
88,21,Analyse
88,22,Méthode
88,23,Méthode
88,24,Méthode
88,25,Écriture
88,26,Expérimentation
88,27,Écriture
88,28,Analyse
88,29,Écriture
88,30,Analyse
88,31,Données
88,32,Relecteur
88,33,Écriture
88,34,Idée
88,35,Écriture
88,36,Écriture
88,37,Données
88,38,Données
88,39,Idée
88,40,Analyse
88,41,Données
88,42,Méthode
88,43,Analyse
88,44,Méthode
88,45,Analyse
88,46,Relecteur
88,47,Méthode
88,48,Idée
88,49,Écriture
88,50,Méthode
88,51,Écriture
88,52,Idée
88,53,Données
88,54,Écriture
88,55,Analyse
88,56,Relecteur
88,57,Analyse
88,58,Expérimentation
88,59,Écriture
88,60,Analyse
89,1,Idée
89,2,Analyse
89,3,Relecteur
89,4,Idée
89,5,Écriture
89,6,Idée
89,7,Données
89,8,Analyse
89,9,Idée
89,10,Relecteur
89,11,Idée
89,12,Relecteur
89,13,Expérimentation
89,14,Idée
89,15,Relecteur
89,16,Idée
89,17,Écriture
89,18,Écriture
89,19,Relecteur
89,20,Méthode
89,21,Analyse
89,22,Relecteur
89,23,Expérimentation
89,24,Écriture
89,25,Idée
89,26,Relecteur
89,27,Écriture
89,28,Relecteur
89,29,Écriture
89,30,Données
89,31,Idée
89,32,Écriture
89,33,Données
89,34,Données
89,35,Méthode
89,36,Analyse
89,37,Expérimentation
89,38,Analyse
89,39,Idée
89,40,Analyse
89,41,Relecteur
89,42,Données
89,43,Expérimentation
89,44,Données
89,45,Expérimentation
89,46,Expérimentation
89,47,Écriture
89,48,Écriture
89,49,Expérimentation
89,50,Idée
89,51,Expérimentation
89,52,Écriture
89,53,Données
89,54,Données
89,55,Analyse
89,56,Relecteur
89,57,Écriture
89,58,Méthode
89,59,Relecteur
89,60,Expérimentation
90,1,Analyse
90,2,Idée
90,3,Expérimentation
90,4,Idée
90,5,Expérimentation
90,6,Données
90,7,Écriture
90,8,Méthode
90,9,Écriture
90,10,Analyse
90,11,Relecteur
90,12,Analyse
90,13,Données
90,14,Écriture
90,15,Données
90,16,Écriture
90,17,Écriture
90,18,Idée
90,19,Analyse
90,20,Analyse
90,21,Expérimentation
90,22,Données
90,23,Expérimentation
90,24,Relecteur
90,25,Idée
90,26,Données
90,27,Écriture
90,28,Écriture
90,29,Analyse
90,30,Méthode
90,31,Écriture
90,32,Écriture
90,33,Expérimentation
90,34,Analyse
90,35,Expérimentation
90,36,Écriture
90,37,Relecteur
90,38,Analyse
90,39,Données
90,40,Méthode
90,41,Relecteur
90,42,Idée
90,43,Relecteur
90,44,Analyse
90,45,Idée
90,46,Écriture
90,47,Données
90,48,Relecteur
90,49,Données
90,50,Données
90,51,Expérimentation
90,52,Données
90,53,Analyse
90,54,Écriture
90,55,Analyse
90,56,Analyse
90,57,Idée
90,58,Écriture
90,59,Idée
90,60,Relecteur
91,1,Données
91,2,Relecteur
91,3,Méthode
91,4,Écriture
91,5,Analyse
91,6,Écriture
91,7,Idée
91,8,Expérimentation
91,9,Relecteur
91,10,Données
91,11,Méthode
91,12,Données
91,13,Méthode
91,14,Analyse
91,15,Analyse
91,16,Expérimentation
91,17,Données
91,18,Expérimentation
91,19,Écriture
91,20,Écriture
91,21,Données
91,22,Idée
91,23,Écriture
91,24,Idée
91,25,Données
91,26,Méthode
91,27,Expérimentation
91,28,Expérimentation
91,29,Méthode
91,30,Méthode
91,31,Relecteur
91,32,Données
91,33,Idée
91,34,Données
91,35,Analyse
91,36,Analyse
91,37,Analyse
91,38,Écriture
91,39,Idée
91,40,Relecteur
91,41,Écriture
91,42,Données
91,43,Relecteur
91,44,Données
91,45,Relecteur
91,46,Données
91,47,Analyse
91,48,Écriture
91,49,Analyse
91,50,Expérimentation
91,51,Expérimentation
91,52,Relecteur
91,53,Méthode
91,54,Méthode
91,55,Écriture
91,56,Données
91,57,Données
91,58,Expérimentation
91,59,Analyse
91,60,Écriture
92,1,Expérimentation
92,2,Expérimentation
92,3,Idée
92,4,Analyse
92,5,Idée
92,6,Relecteur
92,7,Expérimentation
92,8,Données
92,9,Expérimentation
92,10,Méthode
92,11,Expérimentation
92,12,Méthode
92,13,Écriture
92,14,Écriture
92,15,Analyse
92,16,Données
92,17,Méthode
92,18,Données
92,19,Idée
92,20,Écriture
92,21,Données
92,22,Analyse
92,23,Données
92,24,Relecteur
92,25,Idée
92,26,Idée
92,27,Méthode
92,28,Données
92,29,Données
92,30,Expérimentation
92,31,Écriture
92,32,Relecteur
92,33,Écriture
92,34,Données
92,35,Méthode
92,36,Écriture
92,37,Données
92,38,Relecteur
92,39,Relecteur
92,40,Analyse
92,41,Écriture
92,42,Analyse
92,43,Analyse
92,44,Idée
92,45,Expérimentation
92,46,Expérimentation
92,47,Analyse
92,48,Méthode
92,49,Analyse
92,50,Expérimentation
92,51,Méthode
92,52,Écriture
92,53,Analyse
92,54,Écriture
92,55,Écriture
92,56,Écriture
92,57,Analyse
92,58,Analyse
92,59,Données
92,60,Relecteur
93,1,Expérimentation
93,2,Idée
93,3,Méthode
93,4,Idée
93,5,Idée
93,6,Méthode
93,7,Analyse
93,8,Idée
93,9,Écriture
93,10,Relecteur
93,11,Expérimentation
93,12,Données
93,13,Données
93,14,Méthode
93,15,Relecteur
93,16,Données
93,17,Méthode
93,18,Écriture
93,19,Écriture
93,20,Analyse
93,21,Données
93,22,Données
93,23,Méthode
93,24,Méthode
93,25,Expérimentation
93,26,Données
93,27,Données
93,28,Données
93,29,Écriture
93,30,Analyse
93,31,Relecteur
93,32,Expérimentation
93,33,Relecteur
93,34,Analyse
93,35,Méthode
93,36,Analyse
93,37,Relecteur
93,38,Relecteur
93,39,Analyse
93,40,Idée
93,41,Méthode
93,42,Expérimentation
93,43,Données
93,44,Analyse
93,45,Méthode
93,46,Analyse
93,47,Relecteur
93,48,Relecteur
93,49,Analyse
93,50,Idée
93,51,Analyse
93,52,Données
93,53,Idée
93,54,Idée
93,55,Expérimentation
93,56,Expérimentation
93,57,Expérimentation
93,58,Méthode
93,59,Relecteur
93,60,Expérimentation
94,1,Expérimentation
94,2,Expérimentation
94,3,Relecteur
94,4,Relecteur
94,5,Données
94,6,Idée
94,7,Relecteur
94,8,Idée
94,9,Idée
94,10,Méthode
94,11,Écriture
94,12,Idée
94,13,Idée
94,14,Données
94,15,Écriture
94,16,Écriture
94,17,Idée
94,18,Relecteur
94,19,Données
94,20,Idée
94,21,Écriture
94,22,Idée
94,23,Idée
94,24,Écriture
94,25,Écriture
94,26,Idée
94,27,Expérimentation
94,28,Expérimentation
94,29,Expérimentation
94,30,Relecteur
94,31,Méthode
94,32,Données
94,33,Analyse
94,34,Méthode
94,35,Données
94,36,Idée
94,37,Idée
94,38,Expérimentation
94,39,Expérimentation
94,40,Expérimentation
94,41,Écriture
94,42,Écriture
94,43,Relecteur
94,44,Relecteur
94,45,Écriture
94,46,Écriture
94,47,Expérimentation
94,48,Idée
94,49,Relecteur
94,50,Écriture
94,51,Relecteur
94,52,Méthode
94,53,Idée
94,54,Relecteur
94,55,Écriture
94,56,Analyse
94,57,Écriture
94,58,Méthode
94,59,Idée
94,60,Expérimentation
95,1,Analyse
95,2,Relecteur
95,3,Idée
95,4,Analyse
95,5,Méthode
95,6,Écriture
95,7,Analyse
95,8,Analyse
95,9,Données
95,10,Relecteur
95,11,Méthode
95,12,Méthode
95,13,Méthode
95,14,Relecteur
95,15,Expérimentation
95,16,Relecteur
95,17,Relecteur
95,18,Analyse
95,19,Expérimentation
95,20,Méthode
95,21,Idée
95,22,Relecteur
95,23,Écriture
95,24,Relecteur
95,25,Expérimentation
95,26,Méthode
95,27,Relecteur
95,28,Méthode
95,29,Expérimentation
95,30,Données
95,31,Méthode
95,32,Données
95,33,Écriture
95,34,Méthode
95,35,Expérimentation
95,36,Analyse
95,37,Idée
95,38,Données
95,39,Données
95,40,Analyse
95,41,Écriture
95,42,Données
95,43,Méthode
95,44,Écriture
95,45,Écriture
95,46,Idée
95,47,Expérimentation
95,48,Données
95,49,Idée
95,50,Écriture
95,51,Données
95,52,Expérimentation
95,53,Relecteur
95,54,Expérimentation
95,55,Relecteur
95,56,Écriture
95,57,Méthode
95,58,Relecteur
95,59,Écriture
95,60,Données
96,1,Analyse
96,2,Relecteur
96,3,Écriture
96,4,Méthode
96,5,Analyse
96,6,Expérimentation
96,7,Écriture
96,8,Idée
96,9,Relecteur
96,10,Idée
96,11,Méthode
96,12,Analyse
96,13,Méthode
96,14,Relecteur
96,15,Méthode
96,16,Expérimentation
96,17,Expérimentation
96,18,Idée
96,19,Méthode
96,20,Expérimentation
96,21,Données
96,22,Analyse
96,23,Écriture
96,24,Relecteur
96,25,Expérimentation
96,26,Expérimentation
96,27,Données
96,28,Écriture
96,29,Expérimentation
96,30,Données
96,31,Analyse
96,32,Analyse
96,33,Analyse
96,34,Relecteur
96,35,Expérimentation
96,36,Expérimentation
96,37,Données
96,38,Méthode
96,39,Idée
96,40,Relecteur
96,41,Expérimentation
96,42,Méthode
96,43,Données
96,44,Méthode
96,45,Expérimentation
96,46,Idée
96,47,Expérimentation
96,48,Analyse
96,49,Expérimentation
96,50,Expérimentation
96,51,Méthode
96,52,Analyse
96,53,Écriture
96,54,Données
96,55,Idée
96,56,Données
96,57,Analyse
96,58,Idée
96,59,Expérimentation
96,60,Analyse
97,1,Idée
97,2,Relecteur
97,3,Expérimentation
97,4,Méthode
97,5,Écriture
97,6,Données
97,7,Idée
97,8,Méthode
97,9,Données
97,10,Expérimentation
97,11,Idée
97,12,Données
97,13,Écriture
97,14,Relecteur
97,15,Écriture
97,16,Données
97,17,Idée
97,18,Données
97,19,Relecteur
97,20,Méthode
97,21,Expérimentation
97,22,Écriture
97,23,Analyse
97,24,Idée
97,25,Expérimentation
97,26,Données
97,27,Méthode
97,28,Expérimentation
97,29,Écriture
97,30,Relecteur
97,31,Méthode
97,32,Idée
97,33,Idée
97,34,Expérimentation
97,35,Idée
97,36,Expérimentation
97,37,Idée
97,38,Expérimentation
97,39,Relecteur
97,40,Relecteur
97,41,Données
97,42,Analyse
97,43,Écriture
97,44,Expérimentation
97,45,Données
97,46,Idée
97,47,Méthode
97,48,Méthode
97,49,Écriture
97,50,Données
97,51,Expérimentation
97,52,Données
97,53,Expérimentation
97,54,Données
97,55,Méthode
97,56,Données
97,57,Expérimentation
97,58,Données
97,59,Analyse
97,60,Expérimentation
98,1,Expérimentation
98,2,Analyse
98,3,Données
98,4,Données
98,5,Méthode
98,6,Analyse
98,7,Idée
98,8,Écriture
98,9,Méthode
98,10,Écriture
98,11,Méthode
98,12,Expérimentation
98,13,Méthode
98,14,Idée
98,15,Expérimentation
98,16,Expérimentation
98,17,Expérimentation
98,18,Expérimentation
98,19,Expérimentation
98,20,Relecteur
98,21,Méthode
98,22,Écriture
98,23,Analyse
98,24,Idée
98,25,Données
98,26,Relecteur
98,27,Méthode
98,28,Relecteur
98,29,Expérimentation
98,30,Expérimentation
98,31,Relecteur
98,32,Écriture
98,33,Expérimentation
98,34,Expérimentation
98,35,Écriture
98,36,Analyse
98,37,Analyse
98,38,Analyse
98,39,Idée
98,40,Relecteur
98,41,Données
98,42,Données
98,43,Écriture
98,44,Méthode
98,45,Relecteur
98,46,Expérimentation
98,47,Expérimentation
98,48,Données
98,49,Écriture
98,50,Méthode
98,51,Expérimentation
98,52,Analyse
98,53,Expérimentation
98,54,Idée
98,55,Expérimentation
98,56,Relecteur
98,57,Relecteur
98,58,Idée
98,59,Données
98,60,Expérimentation
99,1,Expérimentation
99,2,Idée
99,3,Méthode
99,4,Expérimentation
99,5,Données
99,6,Analyse
99,7,Idée
99,8,Relecteur
99,9,Expérimentation
99,10,Données
99,11,Méthode
99,12,Écriture
99,13,Analyse
99,14,Données
99,15,Méthode
99,16,Données
99,17,Expérimentation
99,18,Expérimentation
99,19,Méthode
99,20,Méthode
99,21,Données
99,22,Idée
99,23,Données
99,24,Données
99,25,Écriture
99,26,Expérimentation
99,27,Expérimentation
99,28,Expérimentation
99,29,Analyse
99,30,Méthode
99,31,Données
99,32,Données
99,33,Méthode
99,34,Données
99,35,Idée
99,36,Analyse
99,37,Méthode
99,38,Données
99,39,Méthode
99,40,Expérimentation
99,41,Idée
99,42,Écriture
99,43,Données
99,44,Méthode
99,45,Analyse
99,46,Relecteur
99,47,Idée
99,48,Analyse
99,49,Idée
99,50,Expérimentation
99,51,Relecteur
99,52,Relecteur
99,53,Données
99,54,Expérimentation
99,55,Idée
99,56,Méthode
99,57,Écriture
99,58,Écriture
99,59,Idée
99,60,Écriture
100,1,Expérimentation
100,2,Expérimentation
100,3,Analyse
100,4,Analyse
100,5,Expérimentation
100,6,Méthode
100,7,Données
100,8,Relecteur
100,9,Méthode
100,10,Expérimentation
100,11,Idée
100,12,Écriture
100,13,Données
100,14,Relecteur
100,15,Données
100,16,Relecteur
100,17,Relecteur
100,18,Relecteur
100,19,Données
100,20,Données
100,21,Méthode
100,22,Idée
100,23,Méthode
100,24,Écriture
100,25,Idée
100,26,Expérimentation
100,27,Relecteur
100,28,Données
100,29,Expérimentation
100,30,Écriture
100,31,Idée
100,32,Données
100,33,Expérimentation
100,34,Méthode
100,35,Écriture
100,36,Données
100,37,Données
100,38,Relecteur
100,39,Données
100,40,Relecteur
100,41,Méthode
100,42,Idée
100,43,Idée
100,44,Méthode
100,45,Analyse
100,46,Données
100,47,Analyse
100,48,Idée
100,49,Données
100,50,Écriture
100,51,Données
100,52,Relecteur
100,53,Écriture
100,54,Relecteur
100,55,Analyse
100,56,Analyse
100,57,Analyse
100,58,Analyse
100,59,Écriture
100,60,Données
