NumProcedureRH,NumContratRH,StatutEtape,DateMiseJour
1,1,Terminé,1999-09-20
1,2,Démarré,1994-06-07
1,3,Démarré,2025-04-14
1,4,Terminé,2000-04-06
1,5,En signature,2001-08-30
1,6,Terminé,2015-04-24
1,7,En signature,2004-09-30
1,8,Terminé,2011-02-24
1,9,Terminé,1998-07-02
1,10,Terminé,2004-10-07
1,11,Terminé,2025-04-14
1,12,Terminé,2008-11-16
1,13,Terminé,2003-07-24
1,14,Démarré,1989-11-01
1,15,Démarré,2001-11-01
1,16,Démarré,2014-02-17
1,17,Démarré,2024-06-21
1,18,Démarré,2010-07-10
1,19,Terminé,2025-04-14
1,20,Terminé,2025-04-14
1,21,Terminé,1989-10-04
1,22,Terminé,2012-06-28
1,23,En signature,2007-10-08
1,24,En signature,1992-01-08
1,25,En signature,2025-04-14
1,26,En signature,2013-07-12
1,27,Terminé,1990-09-12
1,28,Terminé,2025-04-14
1,29,Démarré,1992-02-06
1,30,Terminé,1985-04-01
1,31,En signature,2025-04-14
1,32,En signature,1996-01-06
1,33,Terminé,1991-12-08
1,34,Démarré,1995-07-30
1,35,En signature,1994-11-23
1,36,Démarré,1990-05-26
1,37,Démarré,2025-04-14
1,38,Démarré,2025-04-14
1,39,Démarré,2015-09-10
1,40,Démarré,1995-03-16
1,41,En signature,2006-09-25
1,42,En signature,2000-10-12
1,43,En signature,2003-09-14
1,44,En signature,2002-12-10
1,45,Terminé,1991-08-15
1,46,En signature,2025-04-14
1,47,Terminé,1997-09-02
1,48,Démarré,1999-12-08
1,49,En signature,2005-10-14
1,50,Terminé,2025-04-14
1,51,Démarré,2021-09-29
1,52,Terminé,2010-05-08
1,53,En signature,2012-02-11
1,54,En signature,2010-10-13
1,55,En signature,2005-06-03
1,56,Terminé,1987-03-17
1,57,Terminé,2015-03-17
1,58,Terminé,2009-08-27
1,59,Démarré,1995-06-08
1,60,Terminé,1993-10-24
1,61,Terminé,1985-12-08
1,62,En signature,1993-02-22
1,63,Démarré,1987-07-01
1,64,Terminé,1998-07-13
1,65,Terminé,2020-06-20
1,66,Terminé,1987-11-29
1,67,Démarré,1987-02-04
1,68,Terminé,2007-12-11
1,69,Démarré,2013-08-06
1,70,Terminé,2025-04-14
1,71,Démarré,2025-04-14
1,72,Terminé,2025-04-14
1,73,Terminé,2019-06-15
1,74,Terminé,2025-04-14
1,75,Démarré,2013-04-29
1,76,Terminé,2008-09-17
1,77,En signature,1993-04-14
1,78,Terminé,2025-04-14
1,79,Démarré,1998-04-30
1,80,En signature,2024-09-25
1,81,Terminé,2009-05-16
1,82,Terminé,2017-06-08
1,83,Démarré,2025-04-14
1,84,En signature,2018-08-11
1,85,Démarré,1993-05-12
1,86,En signature,1995-10-13
1,87,Terminé,1991-02-05
1,88,Terminé,1997-02-01
1,89,En signature,2025-04-14
1,90,Terminé,1989-06-25
1,91,Démarré,1988-03-06
1,92,Terminé,2025-04-14
1,93,Terminé,2025-04-14
1,94,Terminé,2009-07-22
1,95,Terminé,2020-06-06
1,96,Démarré,2020-02-16
1,97,Démarré,2011-05-17
1,98,Terminé,2004-09-22
1,99,Terminé,1985-07-14
1,100,En signature,1993-06-12
1,101,Terminé,2004-11-24
1,102,Démarré,2025-04-14
1,103,En signature,1995-03-08
1,104,Terminé,2008-04-02
1,105,Démarré,2001-09-06
1,106,Démarré,2017-01-10
1,107,En signature,1988-11-28
1,108,En signature,2013-01-20
1,109,Terminé,2007-01-13
1,110,Démarré,2008-09-23
1,111,En signature,1994-11-06
1,112,Terminé,1996-10-23
1,113,En signature,2011-05-14
1,114,En signature,1995-07-18
1,115,En signature,2025-04-14
1,116,Terminé,2023-02-12
1,117,Terminé,1992-01-09
1,118,Terminé,1985-04-15
1,119,Démarré,2000-12-01
1,120,Terminé,2002-01-30
1,121,En signature,1993-07-22
1,122,Démarré,2006-02-12
1,123,En signature,2016-10-11
1,124,Terminé,2007-07-31
1,125,Terminé,2006-07-20
1,126,Démarré,1992-03-09
1,127,En signature,2004-07-25
1,128,En signature,2021-10-13
1,129,Terminé,1990-10-20
1,130,En signature,2005-10-26
1,131,Terminé,1986-11-05
1,132,Démarré,1996-12-15
1,133,Démarré,1989-01-17
1,134,Terminé,1996-06-28
1,135,Démarré,2012-10-16
1,136,Terminé,1992-10-11
1,137,Démarré,1989-05-23
1,138,Démarré,1995-07-05
1,139,Démarré,2025-04-14
1,140,Terminé,1989-02-24
1,141,Démarré,2004-11-24
1,142,Démarré,1993-04-05
1,143,Démarré,2011-05-12
1,144,Démarré,1990-10-25
1,145,Démarré,2018-05-28
1,146,En signature,2011-06-30
1,147,En signature,2001-06-05
1,148,Terminé,1998-09-12
1,149,Démarré,2015-02-17
1,150,En signature,2025-04-14
2,1,Terminé,1999-09-20
2,2,Terminé,1994-06-07
2,3,En signature,2025-04-14
2,4,Démarré,2000-04-06
2,5,Terminé,2001-08-30
2,6,Démarré,2015-04-24
2,7,En signature,2004-09-30
2,8,Démarré,2011-02-24
2,9,Terminé,1998-07-02
2,10,En signature,2004-10-07
2,11,Démarré,2025-04-14
2,12,Démarré,2008-11-16
2,13,Démarré,2003-07-24
2,14,Terminé,1989-11-01
2,15,En signature,2001-11-01
2,16,Démarré,2014-02-17
2,17,Démarré,2024-06-21
2,18,Démarré,2010-07-10
2,19,Démarré,2025-04-14
2,20,Démarré,2025-04-14
2,21,Terminé,1989-10-04
2,22,En signature,2012-06-28
2,23,En signature,2007-10-08
2,24,Démarré,1992-01-08
2,25,En signature,2025-04-14
2,26,Terminé,2013-07-12
2,27,En signature,1990-09-12
2,28,Terminé,2025-04-14
2,29,Terminé,1992-02-06
2,30,Démarré,1985-04-01
2,31,Terminé,2025-04-14
2,32,Terminé,1996-01-06
2,33,Terminé,1991-12-08
2,34,Terminé,1995-07-30
2,35,Terminé,1994-11-23
2,36,En signature,1990-05-26
2,37,Démarré,2025-04-14
2,38,En signature,2025-04-14
2,39,Terminé,2015-09-10
2,40,En signature,1995-03-16
2,41,Terminé,2006-09-25
2,42,Terminé,2000-10-12
2,43,Démarré,2003-09-14
2,44,Terminé,2002-12-10
2,45,Terminé,1991-08-15
2,46,En signature,2025-04-14
2,47,Terminé,1997-09-02
2,48,Démarré,1999-12-08
2,49,En signature,2005-10-14
2,50,Terminé,2025-04-14
2,51,En signature,2021-09-29
2,52,Terminé,2010-05-08
2,53,En signature,2012-02-11
2,54,Terminé,2010-10-13
2,55,Démarré,2005-06-03
2,56,Démarré,1987-03-17
2,57,En signature,2015-03-17
2,58,Terminé,2009-08-27
2,59,En signature,1995-06-08
2,60,Démarré,1993-10-24
2,61,Démarré,1985-12-08
2,62,Démarré,1993-02-22
2,63,Démarré,1987-07-01
2,64,Terminé,1998-07-13
2,65,Démarré,2020-06-20
2,66,Terminé,1987-11-29
2,67,Terminé,1987-02-04
2,68,Démarré,2007-12-11
2,69,Terminé,2013-08-06
2,70,Terminé,2025-04-14
2,71,Terminé,2025-04-14
2,72,Démarré,2025-04-14
2,73,Démarré,2019-06-15
2,74,Terminé,2025-04-14
2,75,Démarré,2013-04-29
2,76,Démarré,2008-09-17
2,77,En signature,1993-04-14
2,78,Démarré,2025-04-14
2,79,Terminé,1998-04-30
2,80,Terminé,2024-09-25
2,81,Démarré,2009-05-16
2,82,En signature,2017-06-08
2,83,Terminé,2025-04-14
2,84,Démarré,2018-08-11
2,85,Terminé,1993-05-12
2,86,Terminé,1995-10-13
2,87,En signature,1991-02-05
2,88,Démarré,1997-02-01
2,89,Terminé,2025-04-14
2,90,En signature,1989-06-25
2,91,Terminé,1988-03-06
2,92,Démarré,2025-04-14
2,93,Démarré,2025-04-14
2,94,Terminé,2009-07-22
2,95,En signature,2020-06-06
2,96,En signature,2020-02-16
2,97,Terminé,2011-05-17
2,98,En signature,2004-09-22
2,99,Terminé,1985-07-14
2,100,En signature,1993-06-12
2,101,Démarré,2004-11-24
2,102,Terminé,2025-04-14
2,103,Démarré,1995-03-08
2,104,Démarré,2008-04-02
2,105,Terminé,2001-09-06
2,106,Terminé,2017-01-10
2,107,Terminé,1988-11-28
2,108,Démarré,2013-01-20
2,109,Terminé,2007-01-13
2,110,Démarré,2008-09-23
2,111,En signature,1994-11-06
2,112,En signature,1996-10-23
2,113,Démarré,2011-05-14
2,114,En signature,1995-07-18
2,115,Terminé,2025-04-14
2,116,Terminé,2023-02-12
2,117,Terminé,1992-01-09
2,118,En signature,1985-04-15
2,119,Démarré,2000-12-01
2,120,Terminé,2002-01-30
2,121,En signature,1993-07-22
2,122,En signature,2006-02-12
2,123,Démarré,2016-10-11
2,124,Démarré,2007-07-31
2,125,Terminé,2006-07-20
2,126,En signature,1992-03-09
2,127,Terminé,2004-07-25
2,128,Démarré,2021-10-13
2,129,Démarré,1990-10-20
2,130,Terminé,2005-10-26
2,131,Démarré,1986-11-05
2,132,Démarré,1996-12-15
2,133,En signature,1989-01-17
2,134,En signature,1996-06-28
2,135,Terminé,2012-10-16
2,136,Démarré,1992-10-11
2,137,En signature,1989-05-23
2,138,En signature,1995-07-05
2,139,En signature,2025-04-14
2,140,En signature,1989-02-24
2,141,Démarré,2004-11-24
2,142,En signature,1993-04-05
2,143,Démarré,2011-05-12
2,144,Démarré,1990-10-25
2,145,En signature,2018-05-28
2,146,Démarré,2011-06-30
2,147,Terminé,2001-06-05
2,148,Démarré,1998-09-12
2,149,En signature,2015-02-17
2,150,En signature,2025-04-14
3,1,Démarré,1999-09-20
3,2,En signature,1994-06-07
3,3,Terminé,2025-04-14
3,4,Démarré,2000-04-06
3,5,En signature,2001-08-30
3,6,Terminé,2015-04-24
3,7,En signature,2004-09-30
3,8,Terminé,2011-02-24
3,9,En signature,1998-07-02
3,10,Terminé,2004-10-07
3,11,Terminé,2025-04-14
3,12,Démarré,2008-11-16
3,13,Démarré,2003-07-24
3,14,Démarré,1989-11-01
3,15,En signature,2001-11-01
3,16,En signature,2014-02-17
3,17,Démarré,2024-06-21
3,18,Terminé,2010-07-10
3,19,Démarré,2025-04-14
3,20,Terminé,2025-04-14
3,21,Terminé,1989-10-04
3,22,En signature,2012-06-28
3,23,En signature,2007-10-08
3,24,En signature,1992-01-08
3,25,Terminé,2025-04-14
3,26,En signature,2013-07-12
3,27,En signature,1990-09-12
3,28,En signature,2025-04-14
3,29,En signature,1992-02-06
3,30,Démarré,1985-04-01
3,31,Démarré,2025-04-14
3,32,Terminé,1996-01-06
3,33,Démarré,1991-12-08
3,34,En signature,1995-07-30
3,35,Terminé,1994-11-23
3,36,Démarré,1990-05-26
3,37,En signature,2025-04-14
3,38,Démarré,2025-04-14
3,39,Démarré,2015-09-10
3,40,Terminé,1995-03-16
3,41,En signature,2006-09-25
3,42,En signature,2000-10-12
3,43,En signature,2003-09-14
3,44,Démarré,2002-12-10
3,45,Terminé,1991-08-15
3,46,En signature,2025-04-14
3,47,Terminé,1997-09-02
3,48,Terminé,1999-12-08
3,49,Terminé,2005-10-14
3,50,Démarré,2025-04-14
3,51,Terminé,2021-09-29
3,52,Terminé,2010-05-08
3,53,En signature,2012-02-11
3,54,Terminé,2010-10-13
3,55,Terminé,2005-06-03
3,56,En signature,1987-03-17
3,57,En signature,2015-03-17
3,58,En signature,2009-08-27
3,59,Terminé,1995-06-08
3,60,Démarré,1993-10-24
3,61,En signature,1985-12-08
3,62,Démarré,1993-02-22
3,63,Terminé,1987-07-01
3,64,Terminé,1998-07-13
3,65,Terminé,2020-06-20
3,66,Démarré,1987-11-29
3,67,Démarré,1987-02-04
3,68,Terminé,2007-12-11
3,69,Terminé,2013-08-06
3,70,En signature,2025-04-14
3,71,Terminé,2025-04-14
3,72,Terminé,2025-04-14
3,73,En signature,2019-06-15
3,74,En signature,2025-04-14
3,75,Terminé,2013-04-29
3,76,Terminé,2008-09-17
3,77,Terminé,1993-04-14
3,78,En signature,2025-04-14
3,79,Terminé,1998-04-30
3,80,Terminé,2024-09-25
3,81,En signature,2009-05-16
3,82,Démarré,2017-06-08
3,83,En signature,2025-04-14
3,84,Démarré,2018-08-11
3,85,Démarré,1993-05-12
3,86,En signature,1995-10-13
3,87,Terminé,1991-02-05
3,88,Démarré,1997-02-01
3,89,Terminé,2025-04-14
3,90,Démarré,1989-06-25
3,91,Démarré,1988-03-06
3,92,En signature,2025-04-14
3,93,Terminé,2025-04-14
3,94,Démarré,2009-07-22
3,95,Terminé,2020-06-06
3,96,En signature,2020-02-16
3,97,Démarré,2011-05-17
3,98,En signature,2004-09-22
3,99,En signature,1985-07-14
3,100,Démarré,1993-06-12
3,101,Terminé,2004-11-24
3,102,Démarré,2025-04-14
3,103,Démarré,1995-03-08
3,104,Démarré,2008-04-02
3,105,Démarré,2001-09-06
3,106,Terminé,2017-01-10
3,107,En signature,1988-11-28
3,108,En signature,2013-01-20
3,109,En signature,2007-01-13
3,110,En signature,2008-09-23
3,111,Démarré,1994-11-06
3,112,Démarré,1996-10-23
3,113,En signature,2011-05-14
3,114,En signature,1995-07-18
3,115,Démarré,2025-04-14
3,116,Terminé,2023-02-12
3,117,En signature,1992-01-09
3,118,En signature,1985-04-15
3,119,En signature,2000-12-01
3,120,En signature,2002-01-30
3,121,Terminé,1993-07-22
3,122,Terminé,2006-02-12
3,123,Démarré,2016-10-11
3,124,Terminé,2007-07-31
3,125,Terminé,2006-07-20
3,126,En signature,1992-03-09
3,127,En signature,2004-07-25
3,128,En signature,2021-10-13
3,129,Terminé,1990-10-20
3,130,Démarré,2005-10-26
3,131,En signature,1986-11-05
3,132,En signature,1996-12-15
3,133,En signature,1989-01-17
3,134,Terminé,1996-06-28
3,135,En signature,2012-10-16
3,136,Démarré,1992-10-11
3,137,En signature,1989-05-23
3,138,Terminé,1995-07-05
3,139,En signature,2025-04-14
3,140,En signature,1989-02-24
3,141,Terminé,2004-11-24
3,142,En signature,1993-04-05
3,143,En signature,2011-05-12
3,144,En signature,1990-10-25
3,145,En signature,2018-05-28
3,146,Démarré,2011-06-30
3,147,En signature,2001-06-05
3,148,En signature,1998-09-12
3,149,Terminé,2015-02-17
3,150,En signature,2025-04-14
4,1,Terminé,1999-09-20
4,2,Démarré,1994-06-07
4,3,Terminé,2025-04-14
4,4,Démarré,2000-04-06
4,5,Terminé,2001-08-30
4,6,Terminé,2015-04-24
4,7,Démarré,2004-09-30
4,8,Démarré,2011-02-24
4,9,Terminé,1998-07-02
4,10,En signature,2004-10-07
4,11,Terminé,2025-04-14
4,12,Terminé,2008-11-16
4,13,En signature,2003-07-24
4,14,Démarré,1989-11-01
4,15,Démarré,2001-11-01
4,16,Démarré,2014-02-17
4,17,Démarré,2024-06-21
4,18,En signature,2010-07-10
4,19,Terminé,2025-04-14
4,20,Démarré,2025-04-14
4,21,Démarré,1989-10-04
4,22,Terminé,2012-06-28
4,23,En signature,2007-10-08
4,24,En signature,1992-01-08
4,25,En signature,2025-04-14
4,26,Démarré,2013-07-12
4,27,Terminé,1990-09-12
4,28,Terminé,2025-04-14
4,29,Terminé,1992-02-06
4,30,Terminé,1985-04-01
4,31,En signature,2025-04-14
4,32,Démarré,1996-01-06
4,33,En signature,1991-12-08
4,34,Terminé,1995-07-30
4,35,En signature,1994-11-23
4,36,Démarré,1990-05-26
4,37,En signature,2025-04-14
4,38,Terminé,2025-04-14
4,39,En signature,2015-09-10
4,40,En signature,1995-03-16
4,41,Terminé,2006-09-25
4,42,Démarré,2000-10-12
4,43,Terminé,2003-09-14
4,44,En signature,2002-12-10
4,45,Démarré,1991-08-15
4,46,Démarré,2025-04-14
4,47,En signature,1997-09-02
4,48,Terminé,1999-12-08
4,49,Démarré,2005-10-14
4,50,Démarré,2025-04-14
4,51,En signature,2021-09-29
4,52,Démarré,2010-05-08
4,53,En signature,2012-02-11
4,54,En signature,2010-10-13
4,55,Terminé,2005-06-03
4,56,En signature,1987-03-17
4,57,Démarré,2015-03-17
4,58,Terminé,2009-08-27
4,59,En signature,1995-06-08
4,60,Démarré,1993-10-24
4,61,Démarré,1985-12-08
4,62,Terminé,1993-02-22
4,63,En signature,1987-07-01
4,64,Terminé,1998-07-13
4,65,Démarré,2020-06-20
4,66,Démarré,1987-11-29
4,67,En signature,1987-02-04
4,68,Terminé,2007-12-11
4,69,Terminé,2013-08-06
4,70,Démarré,2025-04-14
4,71,Terminé,2025-04-14
4,72,En signature,2025-04-14
4,73,En signature,2019-06-15
4,74,En signature,2025-04-14
4,75,Terminé,2013-04-29
4,76,En signature,2008-09-17
4,77,Démarré,1993-04-14
4,78,Démarré,2025-04-14
4,79,Terminé,1998-04-30
4,80,En signature,2024-09-25
4,81,Démarré,2009-05-16
4,82,En signature,2017-06-08
4,83,Terminé,2025-04-14
4,84,Terminé,2018-08-11
4,85,En signature,1993-05-12
4,86,Terminé,1995-10-13
4,87,Terminé,1991-02-05
4,88,En signature,1997-02-01
4,89,Démarré,2025-04-14
4,90,En signature,1989-06-25
4,91,En signature,1988-03-06
4,92,Démarré,2025-04-14
4,93,En signature,2025-04-14
4,94,En signature,2009-07-22
4,95,En signature,2020-06-06
4,96,Terminé,2020-02-16
4,97,En signature,2011-05-17
4,98,Démarré,2004-09-22
4,99,Terminé,1985-07-14
4,100,Terminé,1993-06-12
4,101,Terminé,2004-11-24
4,102,Démarré,2025-04-14
4,103,Démarré,1995-03-08
4,104,Démarré,2008-04-02
4,105,En signature,2001-09-06
4,106,Démarré,2017-01-10
4,107,Terminé,1988-11-28
4,108,Terminé,2013-01-20
4,109,Terminé,2007-01-13
4,110,Terminé,2008-09-23
4,111,En signature,1994-11-06
4,112,Démarré,1996-10-23
4,113,En signature,2011-05-14
4,114,En signature,1995-07-18
4,115,Terminé,2025-04-14
4,116,Terminé,2023-02-12
4,117,En signature,1992-01-09
4,118,Terminé,1985-04-15
4,119,Démarré,2000-12-01
4,120,Terminé,2002-01-30
4,121,Terminé,1993-07-22
4,122,En signature,2006-02-12
4,123,Démarré,2016-10-11
4,124,En signature,2007-07-31
4,125,Démarré,2006-07-20
4,126,En signature,1992-03-09
4,127,Terminé,2004-07-25
4,128,Terminé,2021-10-13
4,129,Démarré,1990-10-20
4,130,Démarré,2005-10-26
4,131,Démarré,1986-11-05
4,132,Terminé,1996-12-15
4,133,Démarré,1989-01-17
4,134,Terminé,1996-06-28
4,135,En signature,2012-10-16
4,136,En signature,1992-10-11
4,137,Démarré,1989-05-23
4,138,Démarré,1995-07-05
4,139,Terminé,2025-04-14
4,140,Terminé,1989-02-24
4,141,En signature,2004-11-24
4,142,En signature,1993-04-05
4,143,Démarré,2011-05-12
4,144,Terminé,1990-10-25
4,145,En signature,2018-05-28
4,146,En signature,2011-06-30
4,147,Démarré,2001-06-05
4,148,Démarré,1998-09-12
4,149,Démarré,2015-02-17
4,150,En signature,2025-04-14
5,1,En signature,1999-09-20
5,2,Terminé,1994-06-07
5,3,En signature,2025-04-14
5,4,Démarré,2000-04-06
5,5,En signature,2001-08-30
5,6,En signature,2015-04-24
5,7,En signature,2004-09-30
5,8,En signature,2011-02-24
5,9,Terminé,1998-07-02
5,10,En signature,2004-10-07
5,11,En signature,2025-04-14
5,12,Terminé,2008-11-16
5,13,Démarré,2003-07-24
5,14,Terminé,1989-11-01
5,15,En signature,2001-11-01
5,16,Démarré,2014-02-17
5,17,En signature,2024-06-21
5,18,Terminé,2010-07-10
5,19,Terminé,2025-04-14
5,20,Démarré,2025-04-14
5,21,Démarré,1989-10-04
5,22,Terminé,2012-06-28
5,23,En signature,2007-10-08
5,24,Démarré,1992-01-08
5,25,Démarré,2025-04-14
5,26,Terminé,2013-07-12
5,27,Démarré,1990-09-12
5,28,En signature,2025-04-14
5,29,Démarré,1992-02-06
5,30,En signature,1985-04-01
5,31,Démarré,2025-04-14
5,32,En signature,1996-01-06
5,33,En signature,1991-12-08
5,34,En signature,1995-07-30
5,35,Terminé,1994-11-23
5,36,En signature,1990-05-26
5,37,En signature,2025-04-14
5,38,En signature,2025-04-14
5,39,Démarré,2015-09-10
5,40,Démarré,1995-03-16
5,41,En signature,2006-09-25
5,42,En signature,2000-10-12
5,43,En signature,2003-09-14
5,44,Démarré,2002-12-10
5,45,Démarré,1991-08-15
5,46,En signature,2025-04-14
5,47,En signature,1997-09-02
5,48,Terminé,1999-12-08
5,49,Terminé,2005-10-14
5,50,Démarré,2025-04-14
5,51,En signature,2021-09-29
5,52,En signature,2010-05-08
5,53,Terminé,2012-02-11
5,54,Terminé,2010-10-13
5,55,Terminé,2005-06-03
5,56,Terminé,1987-03-17
5,57,Terminé,2015-03-17
5,58,En signature,2009-08-27
5,59,Démarré,1995-06-08
5,60,Démarré,1993-10-24
5,61,Démarré,1985-12-08
5,62,Démarré,1993-02-22
5,63,Démarré,1987-07-01
5,64,Terminé,1998-07-13
5,65,Terminé,2020-06-20
5,66,Terminé,1987-11-29
5,67,En signature,1987-02-04
5,68,En signature,2007-12-11
5,69,Terminé,2013-08-06
5,70,Terminé,2025-04-14
5,71,Terminé,2025-04-14
5,72,En signature,2025-04-14
5,73,Terminé,2019-06-15
5,74,En signature,2025-04-14
5,75,Démarré,2013-04-29
5,76,En signature,2008-09-17
5,77,Terminé,1993-04-14
5,78,En signature,2025-04-14
5,79,Terminé,1998-04-30
5,80,Démarré,2024-09-25
5,81,En signature,2009-05-16
5,82,Terminé,2017-06-08
5,83,Terminé,2025-04-14
5,84,Démarré,2018-08-11
5,85,En signature,1993-05-12
5,86,Démarré,1995-10-13
5,87,Démarré,1991-02-05
5,88,Démarré,1997-02-01
5,89,En signature,2025-04-14
5,90,Terminé,1989-06-25
5,91,Démarré,1988-03-06
5,92,En signature,2025-04-14
5,93,Démarré,2025-04-14
5,94,Démarré,2009-07-22
5,95,Terminé,2020-06-06
5,96,Terminé,2020-02-16
5,97,En signature,2011-05-17
5,98,Démarré,2004-09-22
5,99,Démarré,1985-07-14
5,100,En signature,1993-06-12
5,101,En signature,2004-11-24
5,102,Démarré,2025-04-14
5,103,En signature,1995-03-08
5,104,Terminé,2008-04-02
5,105,Terminé,2001-09-06
5,106,Démarré,2017-01-10
5,107,Démarré,1988-11-28
5,108,En signature,2013-01-20
5,109,Démarré,2007-01-13
5,110,Terminé,2008-09-23
5,111,Démarré,1994-11-06
5,112,Terminé,1996-10-23
5,113,Terminé,2011-05-14
5,114,Terminé,1995-07-18
5,115,Terminé,2025-04-14
5,116,En signature,2023-02-12
5,117,Démarré,1992-01-09
5,118,En signature,1985-04-15
5,119,Terminé,2000-12-01
5,120,Terminé,2002-01-30
5,121,Terminé,1993-07-22
5,122,Terminé,2006-02-12
5,123,En signature,2016-10-11
5,124,Terminé,2007-07-31
5,125,Terminé,2006-07-20
5,126,Démarré,1992-03-09
5,127,En signature,2004-07-25
5,128,Terminé,2021-10-13
5,129,Terminé,1990-10-20
5,130,Terminé,2005-10-26
5,131,En signature,1986-11-05
5,132,En signature,1996-12-15
5,133,En signature,1989-01-17
5,134,Démarré,1996-06-28
5,135,Démarré,2012-10-16
5,136,Terminé,1992-10-11
5,137,En signature,1989-05-23
5,138,Terminé,1995-07-05
5,139,Terminé,2025-04-14
5,140,Démarré,1989-02-24
5,141,Démarré,2004-11-24
5,142,Démarré,1993-04-05
5,143,En signature,2011-05-12
5,144,En signature,1990-10-25
5,145,En signature,2018-05-28
5,146,En signature,2011-06-30
5,147,Terminé,2001-06-05
5,148,Terminé,1998-09-12
5,149,En signature,2015-02-17
5,150,Terminé,2025-04-14
6,1,En signature,1999-09-20
6,2,Démarré,1994-06-07
6,3,Démarré,2025-04-14
6,4,En signature,2000-04-06
6,5,Démarré,2001-08-30
6,6,En signature,2015-04-24
6,7,En signature,2004-09-30
6,8,Terminé,2011-02-24
6,9,Terminé,1998-07-02
6,10,Démarré,2004-10-07
6,11,Démarré,2025-04-14
6,12,En signature,2008-11-16
6,13,En signature,2003-07-24
6,14,Démarré,1989-11-01
6,15,Démarré,2001-11-01
6,16,En signature,2014-02-17
6,17,En signature,2024-06-21
6,18,Démarré,2010-07-10
6,19,Terminé,2025-04-14
6,20,Démarré,2025-04-14
6,21,Démarré,1989-10-04
6,22,Démarré,2012-06-28
6,23,Terminé,2007-10-08
6,24,Démarré,1992-01-08
6,25,Démarré,2025-04-14
6,26,Terminé,2013-07-12
6,27,Démarré,1990-09-12
6,28,En signature,2025-04-14
6,29,En signature,1992-02-06
6,30,Terminé,1985-04-01
6,31,Terminé,2025-04-14
6,32,En signature,1996-01-06
6,33,Terminé,1991-12-08
6,34,Démarré,1995-07-30
6,35,En signature,1994-11-23
6,36,En signature,1990-05-26
6,37,Terminé,2025-04-14
6,38,En signature,2025-04-14
6,39,Démarré,2015-09-10
6,40,En signature,1995-03-16
6,41,Démarré,2006-09-25
6,42,En signature,2000-10-12
6,43,Démarré,2003-09-14
6,44,Démarré,2002-12-10
6,45,Terminé,1991-08-15
6,46,En signature,2025-04-14
6,47,Démarré,1997-09-02
6,48,Terminé,1999-12-08
6,49,En signature,2005-10-14
6,50,Terminé,2025-04-14
6,51,Terminé,2021-09-29
6,52,En signature,2010-05-08
6,53,Démarré,2012-02-11
6,54,Démarré,2010-10-13
6,55,Terminé,2005-06-03
6,56,Terminé,1987-03-17
6,57,En signature,2015-03-17
6,58,Terminé,2009-08-27
6,59,Démarré,1995-06-08
6,60,En signature,1993-10-24
6,61,Démarré,1985-12-08
6,62,Démarré,1993-02-22
6,63,Terminé,1987-07-01
6,64,Terminé,1998-07-13
6,65,En signature,2020-06-20
6,66,Démarré,1987-11-29
6,67,Démarré,1987-02-04
6,68,Démarré,2007-12-11
6,69,Terminé,2013-08-06
6,70,En signature,2025-04-14
6,71,En signature,2025-04-14
6,72,Terminé,2025-04-14
6,73,Terminé,2019-06-15
6,74,Terminé,2025-04-14
6,75,Terminé,2013-04-29
6,76,Démarré,2008-09-17
6,77,Démarré,1993-04-14
6,78,Démarré,2025-04-14
6,79,En signature,1998-04-30
6,80,Terminé,2024-09-25
6,81,En signature,2009-05-16
6,82,Terminé,2017-06-08
6,83,Terminé,2025-04-14
6,84,En signature,2018-08-11
6,85,Démarré,1993-05-12
6,86,Démarré,1995-10-13
6,87,Terminé,1991-02-05
6,88,En signature,1997-02-01
6,89,En signature,2025-04-14
6,90,Terminé,1989-06-25
6,91,Démarré,1988-03-06
6,92,Démarré,2025-04-14
6,93,Démarré,2025-04-14
6,94,Démarré,2009-07-22
6,95,Terminé,2020-06-06
6,96,Terminé,2020-02-16
6,97,Démarré,2011-05-17
6,98,En signature,2004-09-22
6,99,Terminé,1985-07-14
6,100,Démarré,1993-06-12
6,101,En signature,2004-11-24
6,102,Démarré,2025-04-14
6,103,Démarré,1995-03-08
6,104,Terminé,2008-04-02
6,105,En signature,2001-09-06
6,106,Démarré,2017-01-10
6,107,Démarré,1988-11-28
6,108,Terminé,2013-01-20
6,109,En signature,2007-01-13
6,110,En signature,2008-09-23
6,111,Terminé,1994-11-06
6,112,Démarré,1996-10-23
6,113,En signature,2011-05-14
6,114,Démarré,1995-07-18
6,115,En signature,2025-04-14
6,116,En signature,2023-02-12
6,117,En signature,1992-01-09
6,118,Démarré,1985-04-15
6,119,Démarré,2000-12-01
6,120,En signature,2002-01-30
6,121,En signature,1993-07-22
6,122,En signature,2006-02-12
6,123,Terminé,2016-10-11
6,124,Terminé,2007-07-31
6,125,Démarré,2006-07-20
6,126,Démarré,1992-03-09
6,127,En signature,2004-07-25
6,128,Démarré,2021-10-13
6,129,Terminé,1990-10-20
6,130,Démarré,2005-10-26
6,131,En signature,1986-11-05
6,132,Terminé,1996-12-15
6,133,Terminé,1989-01-17
6,134,Démarré,1996-06-28
6,135,Démarré,2012-10-16
6,136,Démarré,1992-10-11
6,137,En signature,1989-05-23
6,138,Terminé,1995-07-05
6,139,En signature,2025-04-14
6,140,En signature,1989-02-24
6,141,Terminé,2004-11-24
6,142,Démarré,1993-04-05
6,143,Démarré,2011-05-12
6,144,En signature,1990-10-25
6,145,Démarré,2018-05-28
6,146,Terminé,2011-06-30
6,147,Démarré,2001-06-05
6,148,En signature,1998-09-12
6,149,En signature,2015-02-17
6,150,En signature,2025-04-14
7,1,En signature,1999-09-20
7,2,Terminé,1994-06-07
7,3,Démarré,2025-04-14
7,4,En signature,2000-04-06
7,5,En signature,2001-08-30
7,6,Terminé,2015-04-24
7,7,En signature,2004-09-30
7,8,Démarré,2011-02-24
7,9,Démarré,1998-07-02
7,10,En signature,2004-10-07
7,11,Terminé,2025-04-14
7,12,Démarré,2008-11-16
7,13,Démarré,2003-07-24
7,14,Démarré,1989-11-01
7,15,En signature,2001-11-01
7,16,Terminé,2014-02-17
7,17,En signature,2024-06-21
7,18,Terminé,2010-07-10
7,19,En signature,2025-04-14
7,20,Terminé,2025-04-14
7,21,Terminé,1989-10-04
7,22,Terminé,2012-06-28
7,23,En signature,2007-10-08
7,24,Terminé,1992-01-08
7,25,En signature,2025-04-14
7,26,En signature,2013-07-12
7,27,Terminé,1990-09-12
7,28,Démarré,2025-04-14
7,29,Terminé,1992-02-06
7,30,Terminé,1985-04-01
7,31,Démarré,2025-04-14
7,32,Terminé,1996-01-06
7,33,Terminé,1991-12-08
7,34,Démarré,1995-07-30
7,35,Terminé,1994-11-23
7,36,En signature,1990-05-26
7,37,Démarré,2025-04-14
7,38,En signature,2025-04-14
7,39,Terminé,2015-09-10
7,40,Démarré,1995-03-16
7,41,En signature,2006-09-25
7,42,Démarré,2000-10-12
7,43,Démarré,2003-09-14
7,44,En signature,2002-12-10
7,45,En signature,1991-08-15
7,46,En signature,2025-04-14
7,47,Terminé,1997-09-02
7,48,En signature,1999-12-08
7,49,Démarré,2005-10-14
7,50,Démarré,2025-04-14
7,51,Terminé,2021-09-29
7,52,Terminé,2010-05-08
7,53,En signature,2012-02-11
7,54,En signature,2010-10-13
7,55,Terminé,2005-06-03
7,56,Terminé,1987-03-17
7,57,En signature,2015-03-17
7,58,Terminé,2009-08-27
7,59,Terminé,1995-06-08
7,60,Terminé,1993-10-24
7,61,Démarré,1985-12-08
7,62,Démarré,1993-02-22
7,63,Démarré,1987-07-01
7,64,Terminé,1998-07-13
7,65,Démarré,2020-06-20
7,66,En signature,1987-11-29
7,67,En signature,1987-02-04
7,68,Démarré,2007-12-11
7,69,Terminé,2013-08-06
7,70,En signature,2025-04-14
7,71,En signature,2025-04-14
7,72,En signature,2025-04-14
7,73,Terminé,2019-06-15
7,74,En signature,2025-04-14
7,75,En signature,2013-04-29
7,76,Démarré,2008-09-17
7,77,Terminé,1993-04-14
7,78,Démarré,2025-04-14
7,79,Terminé,1998-04-30
7,80,Démarré,2024-09-25
7,81,En signature,2009-05-16
7,82,En signature,2017-06-08
7,83,En signature,2025-04-14
7,84,En signature,2018-08-11
7,85,Démarré,1993-05-12
7,86,Démarré,1995-10-13
7,87,En signature,1991-02-05
7,88,Terminé,1997-02-01
7,89,En signature,2025-04-14
7,90,Démarré,1989-06-25
7,91,En signature,1988-03-06
7,92,En signature,2025-04-14
7,93,En signature,2025-04-14
7,94,En signature,2009-07-22
7,95,En signature,2020-06-06
7,96,En signature,2020-02-16
7,97,En signature,2011-05-17
7,98,En signature,2004-09-22
7,99,Terminé,1985-07-14
7,100,En signature,1993-06-12
7,101,Démarré,2004-11-24
7,102,En signature,2025-04-14
7,103,Démarré,1995-03-08
7,104,En signature,2008-04-02
7,105,Terminé,2001-09-06
7,106,Terminé,2017-01-10
7,107,En signature,1988-11-28
7,108,En signature,2013-01-20
7,109,En signature,2007-01-13
7,110,Démarré,2008-09-23
7,111,En signature,1994-11-06
7,112,Démarré,1996-10-23
7,113,En signature,2011-05-14
7,114,Démarré,1995-07-18
7,115,Terminé,2025-04-14
7,116,Démarré,2023-02-12
7,117,Démarré,1992-01-09
7,118,Démarré,1985-04-15
7,119,Démarré,2000-12-01
7,120,Démarré,2002-01-30
7,121,En signature,1993-07-22
7,122,Terminé,2006-02-12
7,123,Démarré,2016-10-11
7,124,Démarré,2007-07-31
7,125,Terminé,2006-07-20
7,126,Terminé,1992-03-09
7,127,En signature,2004-07-25
7,128,Démarré,2021-10-13
7,129,En signature,1990-10-20
7,130,En signature,2005-10-26
7,131,En signature,1986-11-05
7,132,En signature,1996-12-15
7,133,Démarré,1989-01-17
7,134,Démarré,1996-06-28
7,135,Démarré,2012-10-16
7,136,En signature,1992-10-11
7,137,Terminé,1989-05-23
7,138,Démarré,1995-07-05
7,139,En signature,2025-04-14
7,140,En signature,1989-02-24
7,141,Démarré,2004-11-24
7,142,Démarré,1993-04-05
7,143,Démarré,2011-05-12
7,144,En signature,1990-10-25
7,145,En signature,2018-05-28
7,146,En signature,2011-06-30
7,147,Démarré,2001-06-05
7,148,Démarré,1998-09-12
7,149,Démarré,2015-02-17
7,150,Terminé,2025-04-14
8,1,Démarré,1999-09-20
8,2,Terminé,1994-06-07
8,3,Terminé,2025-04-14
8,4,En signature,2000-04-06
8,5,En signature,2001-08-30
8,6,Démarré,2015-04-24
8,7,Terminé,2004-09-30
8,8,En signature,2011-02-24
8,9,En signature,1998-07-02
8,10,Terminé,2004-10-07
8,11,Terminé,2025-04-14
8,12,En signature,2008-11-16
8,13,En signature,2003-07-24
8,14,Terminé,1989-11-01
8,15,Démarré,2001-11-01
8,16,Démarré,2014-02-17
8,17,Terminé,2024-06-21
8,18,En signature,2010-07-10
8,19,En signature,2025-04-14
8,20,En signature,2025-04-14
8,21,Démarré,1989-10-04
8,22,En signature,2012-06-28
8,23,Terminé,2007-10-08
8,24,Démarré,1992-01-08
8,25,En signature,2025-04-14
8,26,Démarré,2013-07-12
8,27,Démarré,1990-09-12
8,28,Terminé,2025-04-14
8,29,Démarré,1992-02-06
8,30,Démarré,1985-04-01
8,31,Démarré,2025-04-14
8,32,Démarré,1996-01-06
8,33,En signature,1991-12-08
8,34,Terminé,1995-07-30
8,35,Démarré,1994-11-23
8,36,En signature,1990-05-26
8,37,Démarré,2025-04-14
8,38,Terminé,2025-04-14
8,39,En signature,2015-09-10
8,40,En signature,1995-03-16
8,41,En signature,2006-09-25
8,42,En signature,2000-10-12
8,43,Terminé,2003-09-14
8,44,En signature,2002-12-10
8,45,Démarré,1991-08-15
8,46,Terminé,2025-04-14
8,47,En signature,1997-09-02
8,48,Démarré,1999-12-08
8,49,En signature,2005-10-14
8,50,Terminé,2025-04-14
8,51,Terminé,2021-09-29
8,52,En signature,2010-05-08
8,53,Terminé,2012-02-11
8,54,En signature,2010-10-13
8,55,En signature,2005-06-03
8,56,Terminé,1987-03-17
8,57,Terminé,2015-03-17
8,58,Terminé,2009-08-27
8,59,En signature,1995-06-08
8,60,Démarré,1993-10-24
8,61,En signature,1985-12-08
8,62,Démarré,1993-02-22
8,63,Démarré,1987-07-01
8,64,Terminé,1998-07-13
8,65,Démarré,2020-06-20
8,66,En signature,1987-11-29
8,67,Démarré,1987-02-04
8,68,Terminé,2007-12-11
8,69,Terminé,2013-08-06
8,70,Démarré,2025-04-14
8,71,Démarré,2025-04-14
8,72,En signature,2025-04-14
8,73,En signature,2019-06-15
8,74,Démarré,2025-04-14
8,75,Terminé,2013-04-29
8,76,Démarré,2008-09-17
8,77,Terminé,1993-04-14
8,78,Terminé,2025-04-14
8,79,En signature,1998-04-30
8,80,Terminé,2024-09-25
8,81,Terminé,2009-05-16
8,82,En signature,2017-06-08
8,83,Terminé,2025-04-14
8,84,En signature,2018-08-11
8,85,En signature,1993-05-12
8,86,En signature,1995-10-13
8,87,En signature,1991-02-05
8,88,En signature,1997-02-01
8,89,Démarré,2025-04-14
8,90,En signature,1989-06-25
8,91,Terminé,1988-03-06
8,92,Terminé,2025-04-14
8,93,Terminé,2025-04-14
8,94,Terminé,2009-07-22
8,95,En signature,2020-06-06
8,96,Démarré,2020-02-16
8,97,En signature,2011-05-17
8,98,Démarré,2004-09-22
8,99,Démarré,1985-07-14
8,100,Terminé,1993-06-12
8,101,Terminé,2004-11-24
8,102,Terminé,2025-04-14
8,103,Terminé,1995-03-08
8,104,En signature,2008-04-02
8,105,En signature,2001-09-06
8,106,Démarré,2017-01-10
8,107,Terminé,1988-11-28
8,108,Démarré,2013-01-20
8,109,En signature,2007-01-13
8,110,En signature,2008-09-23
8,111,En signature,1994-11-06
8,112,Démarré,1996-10-23
8,113,Terminé,2011-05-14
8,114,Terminé,1995-07-18
8,115,Terminé,2025-04-14
8,116,Démarré,2023-02-12
8,117,Terminé,1992-01-09
8,118,En signature,1985-04-15
8,119,Démarré,2000-12-01
8,120,Terminé,2002-01-30
8,121,En signature,1993-07-22
8,122,En signature,2006-02-12
8,123,Démarré,2016-10-11
8,124,Démarré,2007-07-31
8,125,Terminé,2006-07-20
8,126,En signature,1992-03-09
8,127,Démarré,2004-07-25
8,128,Terminé,2021-10-13
8,129,En signature,1990-10-20
8,130,Terminé,2005-10-26
8,131,Terminé,1986-11-05
8,132,Terminé,1996-12-15
8,133,Terminé,1989-01-17
8,134,Terminé,1996-06-28
8,135,Terminé,2012-10-16
8,136,Terminé,1992-10-11
8,137,Démarré,1989-05-23
8,138,En signature,1995-07-05
8,139,Terminé,2025-04-14
8,140,En signature,1989-02-24
8,141,En signature,2004-11-24
8,142,Démarré,1993-04-05
8,143,Démarré,2011-05-12
8,144,Démarré,1990-10-25
8,145,Terminé,2018-05-28
8,146,Terminé,2011-06-30
8,147,En signature,2001-06-05
8,148,Terminé,1998-09-12
8,149,Terminé,2015-02-17
8,150,Démarré,2025-04-14
9,1,En signature,1999-09-20
9,2,Terminé,1994-06-07
9,3,Terminé,2025-04-14
9,4,En signature,2000-04-06
9,5,Terminé,2001-08-30
9,6,Démarré,2015-04-24
9,7,Terminé,2004-09-30
9,8,Terminé,2011-02-24
9,9,Démarré,1998-07-02
9,10,Démarré,2004-10-07
9,11,En signature,2025-04-14
9,12,Terminé,2008-11-16
9,13,Démarré,2003-07-24
9,14,Démarré,1989-11-01
9,15,En signature,2001-11-01
9,16,Démarré,2014-02-17
9,17,En signature,2024-06-21
9,18,En signature,2010-07-10
9,19,Démarré,2025-04-14
9,20,Démarré,2025-04-14
9,21,En signature,1989-10-04
9,22,En signature,2012-06-28
9,23,Démarré,2007-10-08
9,24,Terminé,1992-01-08
9,25,En signature,2025-04-14
9,26,Terminé,2013-07-12
9,27,Démarré,1990-09-12
9,28,En signature,2025-04-14
9,29,Démarré,1992-02-06
9,30,Démarré,1985-04-01
9,31,Terminé,2025-04-14
9,32,Démarré,1996-01-06
9,33,Terminé,1991-12-08
9,34,Terminé,1995-07-30
9,35,Démarré,1994-11-23
9,36,En signature,1990-05-26
9,37,Terminé,2025-04-14
9,38,Terminé,2025-04-14
9,39,En signature,2015-09-10
9,40,Démarré,1995-03-16
9,41,En signature,2006-09-25
9,42,Démarré,2000-10-12
9,43,Démarré,2003-09-14
9,44,En signature,2002-12-10
9,45,En signature,1991-08-15
9,46,Démarré,2025-04-14
9,47,En signature,1997-09-02
9,48,Terminé,1999-12-08
9,49,Démarré,2005-10-14
9,50,En signature,2025-04-14
9,51,Terminé,2021-09-29
9,52,En signature,2010-05-08
9,53,Démarré,2012-02-11
9,54,Terminé,2010-10-13
9,55,Terminé,2005-06-03
9,56,En signature,1987-03-17
9,57,En signature,2015-03-17
9,58,En signature,2009-08-27
9,59,Terminé,1995-06-08
9,60,Démarré,1993-10-24
9,61,Démarré,1985-12-08
9,62,Démarré,1993-02-22
9,63,Démarré,1987-07-01
9,64,Démarré,1998-07-13
9,65,Démarré,2020-06-20
9,66,Démarré,1987-11-29
9,67,Démarré,1987-02-04
9,68,Démarré,2007-12-11
9,69,Démarré,2013-08-06
9,70,Terminé,2025-04-14
9,71,Terminé,2025-04-14
9,72,Démarré,2025-04-14
9,73,Terminé,2019-06-15
9,74,En signature,2025-04-14
9,75,Démarré,2013-04-29
9,76,Terminé,2008-09-17
9,77,Terminé,1993-04-14
9,78,Terminé,2025-04-14
9,79,Démarré,1998-04-30
9,80,En signature,2024-09-25
9,81,Démarré,2009-05-16
9,82,Démarré,2017-06-08
9,83,En signature,2025-04-14
9,84,En signature,2018-08-11
9,85,En signature,1993-05-12
9,86,Terminé,1995-10-13
9,87,En signature,1991-02-05
9,88,Démarré,1997-02-01
9,89,En signature,2025-04-14
9,90,Démarré,1989-06-25
9,91,Terminé,1988-03-06
9,92,En signature,2025-04-14
9,93,En signature,2025-04-14
9,94,En signature,2009-07-22
9,95,En signature,2020-06-06
9,96,Démarré,2020-02-16
9,97,Terminé,2011-05-17
9,98,Démarré,2004-09-22
9,99,Démarré,1985-07-14
9,100,Démarré,1993-06-12
9,101,Démarré,2004-11-24
9,102,Démarré,2025-04-14
9,103,Terminé,1995-03-08
9,104,En signature,2008-04-02
9,105,Démarré,2001-09-06
9,106,Terminé,2017-01-10
9,107,Terminé,1988-11-28
9,108,En signature,2013-01-20
9,109,Démarré,2007-01-13
9,110,En signature,2008-09-23
9,111,Démarré,1994-11-06
9,112,En signature,1996-10-23
9,113,En signature,2011-05-14
9,114,Démarré,1995-07-18
9,115,Démarré,2025-04-14
9,116,Démarré,2023-02-12
9,117,En signature,1992-01-09
9,118,Terminé,1985-04-15
9,119,Démarré,2000-12-01
9,120,Démarré,2002-01-30
9,121,Terminé,1993-07-22
9,122,En signature,2006-02-12
9,123,Terminé,2016-10-11
9,124,Démarré,2007-07-31
9,125,Démarré,2006-07-20
9,126,En signature,1992-03-09
9,127,Démarré,2004-07-25
9,128,Terminé,2021-10-13
9,129,En signature,1990-10-20
9,130,Terminé,2005-10-26
9,131,Terminé,1986-11-05
9,132,Démarré,1996-12-15
9,133,En signature,1989-01-17
9,134,Démarré,1996-06-28
9,135,En signature,2012-10-16
9,136,En signature,1992-10-11
9,137,En signature,1989-05-23
9,138,Démarré,1995-07-05
9,139,Terminé,2025-04-14
9,140,Démarré,1989-02-24
9,141,Terminé,2004-11-24
9,142,Démarré,1993-04-05
9,143,Terminé,2011-05-12
9,144,Démarré,1990-10-25
9,145,En signature,2018-05-28
9,146,En signature,2011-06-30
9,147,Démarré,2001-06-05
9,148,Démarré,1998-09-12
9,149,Terminé,2015-02-17
9,150,En signature,2025-04-14
10,1,Terminé,1999-09-20
10,2,En signature,1994-06-07
10,3,Démarré,2025-04-14
10,4,Terminé,2000-04-06
10,5,Démarré,2001-08-30
10,6,Terminé,2015-04-24
10,7,Démarré,2004-09-30
10,8,Démarré,2011-02-24
10,9,Terminé,1998-07-02
10,10,Terminé,2004-10-07
10,11,En signature,2025-04-14
10,12,Démarré,2008-11-16
10,13,Démarré,2003-07-24
10,14,Terminé,1989-11-01
10,15,En signature,2001-11-01
10,16,En signature,2014-02-17
10,17,Terminé,2024-06-21
10,18,En signature,2010-07-10
10,19,Démarré,2025-04-14
10,20,Démarré,2025-04-14
10,21,En signature,1989-10-04
10,22,Terminé,2012-06-28
10,23,Démarré,2007-10-08
10,24,Terminé,1992-01-08
10,25,En signature,2025-04-14
10,26,Démarré,2013-07-12
10,27,Terminé,1990-09-12
10,28,Démarré,2025-04-14
10,29,Terminé,1992-02-06
10,30,Démarré,1985-04-01
10,31,Terminé,2025-04-14
10,32,Terminé,1996-01-06
10,33,Démarré,1991-12-08
10,34,Démarré,1995-07-30
10,35,Terminé,1994-11-23
10,36,Démarré,1990-05-26
10,37,En signature,2025-04-14
10,38,Démarré,2025-04-14
10,39,Démarré,2015-09-10
10,40,Terminé,1995-03-16
10,41,Terminé,2006-09-25
10,42,Démarré,2000-10-12
10,43,Terminé,2003-09-14
10,44,En signature,2002-12-10
10,45,En signature,1991-08-15
10,46,En signature,2025-04-14
10,47,Démarré,1997-09-02
10,48,Terminé,1999-12-08
10,49,En signature,2005-10-14
10,50,Terminé,2025-04-14
10,51,En signature,2021-09-29
10,52,Terminé,2010-05-08
10,53,En signature,2012-02-11
10,54,Terminé,2010-10-13
10,55,Démarré,2005-06-03
10,56,Terminé,1987-03-17
10,57,En signature,2015-03-17
10,58,En signature,2009-08-27
10,59,Terminé,1995-06-08
10,60,Démarré,1993-10-24
10,61,En signature,1985-12-08
10,62,En signature,1993-02-22
10,63,Terminé,1987-07-01
10,64,Démarré,1998-07-13
10,65,En signature,2020-06-20
10,66,Terminé,1987-11-29
10,67,Terminé,1987-02-04
10,68,En signature,2007-12-11
10,69,Terminé,2013-08-06
10,70,Démarré,2025-04-14
10,71,En signature,2025-04-14
10,72,Démarré,2025-04-14
10,73,En signature,2019-06-15
10,74,Démarré,2025-04-14
10,75,En signature,2013-04-29
10,76,Démarré,2008-09-17
10,77,Démarré,1993-04-14
10,78,En signature,2025-04-14
10,79,Terminé,1998-04-30
10,80,Démarré,2024-09-25
10,81,En signature,2009-05-16
10,82,En signature,2017-06-08
10,83,En signature,2025-04-14
10,84,Terminé,2018-08-11
10,85,Terminé,1993-05-12
10,86,Terminé,1995-10-13
10,87,En signature,1991-02-05
10,88,Terminé,1997-02-01
10,89,En signature,2025-04-14
10,90,Terminé,1989-06-25
10,91,En signature,1988-03-06
10,92,Terminé,2025-04-14
10,93,Démarré,2025-04-14
10,94,Terminé,2009-07-22
10,95,Démarré,2020-06-06
10,96,Démarré,2020-02-16
10,97,Démarré,2011-05-17
10,98,Démarré,2004-09-22
10,99,Terminé,1985-07-14
10,100,Démarré,1993-06-12
10,101,Terminé,2004-11-24
10,102,Terminé,2025-04-14
10,103,Démarré,1995-03-08
10,104,Démarré,2008-04-02
10,105,Démarré,2001-09-06
10,106,Terminé,2017-01-10
10,107,Démarré,1988-11-28
10,108,Démarré,2013-01-20
10,109,Terminé,2007-01-13
10,110,En signature,2008-09-23
10,111,Démarré,1994-11-06
10,112,Terminé,1996-10-23
10,113,Démarré,2011-05-14
10,114,En signature,1995-07-18
10,115,Démarré,2025-04-14
10,116,En signature,2023-02-12
10,117,En signature,1992-01-09
10,118,Terminé,1985-04-15
10,119,Terminé,2000-12-01
10,120,Terminé,2002-01-30
10,121,Démarré,1993-07-22
10,122,Démarré,2006-02-12
10,123,En signature,2016-10-11
10,124,Démarré,2007-07-31
10,125,Terminé,2006-07-20
10,126,En signature,1992-03-09
10,127,En signature,2004-07-25
10,128,Démarré,2021-10-13
10,129,Terminé,1990-10-20
10,130,Terminé,2005-10-26
10,131,Démarré,1986-11-05
10,132,Démarré,1996-12-15
10,133,Terminé,1989-01-17
10,134,Démarré,1996-06-28
10,135,Terminé,2012-10-16
10,136,Démarré,1992-10-11
10,137,Terminé,1989-05-23
10,138,Terminé,1995-07-05
10,139,Terminé,2025-04-14
10,140,Démarré,1989-02-24
10,141,En signature,2004-11-24
10,142,Démarré,1993-04-05
10,143,Démarré,2011-05-12
10,144,En signature,1990-10-25
10,145,En signature,2018-05-28
10,146,Terminé,2011-06-30
10,147,En signature,2001-06-05
10,148,Terminé,1998-09-12
10,149,Démarré,2015-02-17
10,150,Démarré,2025-04-14
11,1,En signature,1999-09-20
11,2,Terminé,1994-06-07
11,3,En signature,2025-04-14
11,4,Démarré,2000-04-06
11,5,Terminé,2001-08-30
11,6,Démarré,2015-04-24
11,7,Démarré,2004-09-30
11,8,En signature,2011-02-24
11,9,En signature,1998-07-02
11,10,Terminé,2004-10-07
11,11,Terminé,2025-04-14
11,12,Terminé,2008-11-16
11,13,Démarré,2003-07-24
11,14,En signature,1989-11-01
11,15,En signature,2001-11-01
11,16,Démarré,2014-02-17
11,17,Démarré,2024-06-21
11,18,Démarré,2010-07-10
11,19,En signature,2025-04-14
11,20,En signature,2025-04-14
11,21,En signature,1989-10-04
11,22,Démarré,2012-06-28
11,23,Terminé,2007-10-08
11,24,Terminé,1992-01-08
11,25,Terminé,2025-04-14
11,26,Démarré,2013-07-12
11,27,En signature,1990-09-12
11,28,Démarré,2025-04-14
11,29,Démarré,1992-02-06
11,30,Démarré,1985-04-01
11,31,Terminé,2025-04-14
11,32,En signature,1996-01-06
11,33,Démarré,1991-12-08
11,34,Démarré,1995-07-30
11,35,Démarré,1994-11-23
11,36,Démarré,1990-05-26
11,37,En signature,2025-04-14
11,38,En signature,2025-04-14
11,39,Terminé,2015-09-10
11,40,Terminé,1995-03-16
11,41,En signature,2006-09-25
11,42,En signature,2000-10-12
11,43,En signature,2003-09-14
11,44,Terminé,2002-12-10
11,45,Terminé,1991-08-15
11,46,Démarré,2025-04-14
11,47,Terminé,1997-09-02
11,48,En signature,1999-12-08
11,49,Démarré,2005-10-14
11,50,Terminé,2025-04-14
11,51,En signature,2021-09-29
11,52,Démarré,2010-05-08
11,53,Démarré,2012-02-11
11,54,Démarré,2010-10-13
11,55,Terminé,2005-06-03
11,56,En signature,1987-03-17
11,57,En signature,2015-03-17
11,58,En signature,2009-08-27
11,59,Démarré,1995-06-08
11,60,Terminé,1993-10-24
11,61,Démarré,1985-12-08
11,62,Terminé,1993-02-22
11,63,En signature,1987-07-01
11,64,En signature,1998-07-13
11,65,En signature,2020-06-20
11,66,En signature,1987-11-29
11,67,Terminé,1987-02-04
11,68,Démarré,2007-12-11
11,69,Terminé,2013-08-06
11,70,En signature,2025-04-14
11,71,Démarré,2025-04-14
11,72,Démarré,2025-04-14
11,73,Terminé,2019-06-15
11,74,Terminé,2025-04-14
11,75,En signature,2013-04-29
11,76,Terminé,2008-09-17
11,77,En signature,1993-04-14
11,78,Terminé,2025-04-14
11,79,Terminé,1998-04-30
11,80,Terminé,2024-09-25
11,81,En signature,2009-05-16
11,82,En signature,2017-06-08
11,83,Terminé,2025-04-14
11,84,En signature,2018-08-11
11,85,Terminé,1993-05-12
11,86,Terminé,1995-10-13
11,87,Terminé,1991-02-05
11,88,Terminé,1997-02-01
11,89,Démarré,2025-04-14
11,90,Démarré,1989-06-25
11,91,En signature,1988-03-06
11,92,Démarré,2025-04-14
11,93,Démarré,2025-04-14
11,94,En signature,2009-07-22
11,95,Terminé,2020-06-06
11,96,Démarré,2020-02-16
11,97,Terminé,2011-05-17
11,98,En signature,2004-09-22
11,99,Démarré,1985-07-14
11,100,En signature,1993-06-12
11,101,Terminé,2004-11-24
11,102,Démarré,2025-04-14
11,103,En signature,1995-03-08
11,104,Terminé,2008-04-02
11,105,Démarré,2001-09-06
11,106,En signature,2017-01-10
11,107,Démarré,1988-11-28
11,108,Terminé,2013-01-20
11,109,Démarré,2007-01-13
11,110,Terminé,2008-09-23
11,111,Démarré,1994-11-06
11,112,En signature,1996-10-23
11,113,Démarré,2011-05-14
11,114,Terminé,1995-07-18
11,115,En signature,2025-04-14
11,116,Démarré,2023-02-12
11,117,En signature,1992-01-09
11,118,Terminé,1985-04-15
11,119,Démarré,2000-12-01
11,120,Terminé,2002-01-30
11,121,En signature,1993-07-22
11,122,Démarré,2006-02-12
11,123,Terminé,2016-10-11
11,124,Terminé,2007-07-31
11,125,Terminé,2006-07-20
11,126,En signature,1992-03-09
11,127,Démarré,2004-07-25
11,128,Terminé,2021-10-13
11,129,Terminé,1990-10-20
11,130,En signature,2005-10-26
11,131,Terminé,1986-11-05
11,132,Démarré,1996-12-15
11,133,Démarré,1989-01-17
11,134,Démarré,1996-06-28
11,135,Démarré,2012-10-16
11,136,Terminé,1992-10-11
11,137,Terminé,1989-05-23
11,138,Démarré,1995-07-05
11,139,En signature,2025-04-14
11,140,Démarré,1989-02-24
11,141,Démarré,2004-11-24
11,142,En signature,1993-04-05
11,143,Terminé,2011-05-12
11,144,Terminé,1990-10-25
11,145,En signature,2018-05-28
11,146,Terminé,2011-06-30
11,147,Terminé,2001-06-05
11,148,Démarré,1998-09-12
11,149,En signature,2015-02-17
11,150,En signature,2025-04-14
12,1,Terminé,1999-09-20
12,2,En signature,1994-06-07
12,3,Terminé,2025-04-14
12,4,Terminé,2000-04-06
12,5,En signature,2001-08-30
12,6,Démarré,2015-04-24
12,7,Démarré,2004-09-30
12,8,Terminé,2011-02-24
12,9,En signature,1998-07-02
12,10,En signature,2004-10-07
12,11,En signature,2025-04-14
12,12,Démarré,2008-11-16
12,13,Démarré,2003-07-24
12,14,En signature,1989-11-01
12,15,Démarré,2001-11-01
12,16,En signature,2014-02-17
12,17,Démarré,2024-06-21
12,18,Démarré,2010-07-10
12,19,Terminé,2025-04-14
12,20,En signature,2025-04-14
12,21,Terminé,1989-10-04
12,22,Terminé,2012-06-28
12,23,En signature,2007-10-08
12,24,Terminé,1992-01-08
12,25,En signature,2025-04-14
12,26,Démarré,2013-07-12
12,27,Démarré,1990-09-12
12,28,Démarré,2025-04-14
12,29,En signature,1992-02-06
12,30,Terminé,1985-04-01
12,31,Démarré,2025-04-14
12,32,En signature,1996-01-06
12,33,En signature,1991-12-08
12,34,Démarré,1995-07-30
12,35,Terminé,1994-11-23
12,36,En signature,1990-05-26
12,37,Démarré,2025-04-14
12,38,En signature,2025-04-14
12,39,En signature,2015-09-10
12,40,Terminé,1995-03-16
12,41,Démarré,2006-09-25
12,42,En signature,2000-10-12
12,43,Terminé,2003-09-14
12,44,Démarré,2002-12-10
12,45,Démarré,1991-08-15
12,46,Terminé,2025-04-14
12,47,En signature,1997-09-02
12,48,En signature,1999-12-08
12,49,En signature,2005-10-14
12,50,En signature,2025-04-14
12,51,Démarré,2021-09-29
12,52,Démarré,2010-05-08
12,53,Démarré,2012-02-11
12,54,Terminé,2010-10-13
12,55,En signature,2005-06-03
12,56,En signature,1987-03-17
12,57,Terminé,2015-03-17
12,58,Démarré,2009-08-27
12,59,En signature,1995-06-08
12,60,En signature,1993-10-24
12,61,Terminé,1985-12-08
12,62,En signature,1993-02-22
12,63,Terminé,1987-07-01
12,64,Démarré,1998-07-13
12,65,Démarré,2020-06-20
12,66,En signature,1987-11-29
12,67,En signature,1987-02-04
12,68,Terminé,2007-12-11
12,69,En signature,2013-08-06
12,70,Terminé,2025-04-14
12,71,Terminé,2025-04-14
12,72,Démarré,2025-04-14
12,73,Démarré,2019-06-15
12,74,Terminé,2025-04-14
12,75,Démarré,2013-04-29
12,76,En signature,2008-09-17
12,77,En signature,1993-04-14
12,78,Terminé,2025-04-14
12,79,Terminé,1998-04-30
12,80,Terminé,2024-09-25
12,81,En signature,2009-05-16
12,82,Terminé,2017-06-08
12,83,En signature,2025-04-14
12,84,En signature,2018-08-11
12,85,Démarré,1993-05-12
12,86,Terminé,1995-10-13
12,87,Démarré,1991-02-05
12,88,En signature,1997-02-01
12,89,En signature,2025-04-14
12,90,Démarré,1989-06-25
12,91,Démarré,1988-03-06
12,92,En signature,2025-04-14
12,93,Terminé,2025-04-14
12,94,En signature,2009-07-22
12,95,Terminé,2020-06-06
12,96,Démarré,2020-02-16
12,97,Terminé,2011-05-17
12,98,En signature,2004-09-22
12,99,Démarré,1985-07-14
12,100,En signature,1993-06-12
12,101,Démarré,2004-11-24
12,102,En signature,2025-04-14
12,103,Terminé,1995-03-08
12,104,Terminé,2008-04-02
12,105,Terminé,2001-09-06
12,106,En signature,2017-01-10
12,107,Démarré,1988-11-28
12,108,Démarré,2013-01-20
12,109,En signature,2007-01-13
12,110,Démarré,2008-09-23
12,111,Terminé,1994-11-06
12,112,Démarré,1996-10-23
12,113,Terminé,2011-05-14
12,114,En signature,1995-07-18
12,115,Terminé,2025-04-14
12,116,Démarré,2023-02-12
12,117,En signature,1992-01-09
12,118,En signature,1985-04-15
12,119,Démarré,2000-12-01
12,120,Terminé,2002-01-30
12,121,En signature,1993-07-22
12,122,Terminé,2006-02-12
12,123,Terminé,2016-10-11
12,124,En signature,2007-07-31
12,125,Terminé,2006-07-20
12,126,Démarré,1992-03-09
12,127,En signature,2004-07-25
12,128,Terminé,2021-10-13
12,129,Terminé,1990-10-20
12,130,En signature,2005-10-26
12,131,Démarré,1986-11-05
12,132,Terminé,1996-12-15
12,133,En signature,1989-01-17
12,134,En signature,1996-06-28
12,135,Démarré,2012-10-16
12,136,En signature,1992-10-11
12,137,Démarré,1989-05-23
12,138,En signature,1995-07-05
12,139,Terminé,2025-04-14
12,140,En signature,1989-02-24
12,141,Terminé,2004-11-24
12,142,Démarré,1993-04-05
12,143,Terminé,2011-05-12
12,144,Démarré,1990-10-25
12,145,Terminé,2018-05-28
12,146,En signature,2011-06-30
12,147,En signature,2001-06-05
12,148,Terminé,1998-09-12
12,149,En signature,2015-02-17
12,150,Démarré,2025-04-14
13,1,En signature,1999-09-20
13,2,Terminé,1994-06-07
13,3,Terminé,2025-04-14
13,4,Terminé,2000-04-06
13,5,Démarré,2001-08-30
13,6,En signature,2015-04-24
13,7,En signature,2004-09-30
13,8,Démarré,2011-02-24
13,9,En signature,1998-07-02
13,10,Terminé,2004-10-07
13,11,En signature,2025-04-14
13,12,En signature,2008-11-16
13,13,Terminé,2003-07-24
13,14,Démarré,1989-11-01
13,15,Démarré,2001-11-01
13,16,En signature,2014-02-17
13,17,Démarré,2024-06-21
13,18,Terminé,2010-07-10
13,19,En signature,2025-04-14
13,20,Terminé,2025-04-14
13,21,En signature,1989-10-04
13,22,En signature,2012-06-28
13,23,Terminé,2007-10-08
13,24,Démarré,1992-01-08
13,25,En signature,2025-04-14
13,26,Démarré,2013-07-12
13,27,En signature,1990-09-12
13,28,Terminé,2025-04-14
13,29,Terminé,1992-02-06
13,30,Démarré,1985-04-01
13,31,Terminé,2025-04-14
13,32,Démarré,1996-01-06
13,33,Démarré,1991-12-08
13,34,En signature,1995-07-30
13,35,Terminé,1994-11-23
13,36,Terminé,1990-05-26
13,37,Démarré,2025-04-14
13,38,Démarré,2025-04-14
13,39,Terminé,2015-09-10
13,40,Terminé,1995-03-16
13,41,Terminé,2006-09-25
13,42,Terminé,2000-10-12
13,43,Démarré,2003-09-14
13,44,Terminé,2002-12-10
13,45,En signature,1991-08-15
13,46,Démarré,2025-04-14
13,47,En signature,1997-09-02
13,48,Démarré,1999-12-08
13,49,Démarré,2005-10-14
13,50,Terminé,2025-04-14
13,51,En signature,2021-09-29
13,52,Démarré,2010-05-08
13,53,Terminé,2012-02-11
13,54,Démarré,2010-10-13
13,55,Démarré,2005-06-03
13,56,En signature,1987-03-17
13,57,Démarré,2015-03-17
13,58,Terminé,2009-08-27
13,59,Terminé,1995-06-08
13,60,En signature,1993-10-24
13,61,Terminé,1985-12-08
13,62,En signature,1993-02-22
13,63,En signature,1987-07-01
13,64,Démarré,1998-07-13
13,65,En signature,2020-06-20
13,66,Terminé,1987-11-29
13,67,En signature,1987-02-04
13,68,En signature,2007-12-11
13,69,En signature,2013-08-06
13,70,Démarré,2025-04-14
13,71,Démarré,2025-04-14
13,72,Démarré,2025-04-14
13,73,En signature,2019-06-15
13,74,Terminé,2025-04-14
13,75,Terminé,2013-04-29
13,76,En signature,2008-09-17
13,77,En signature,1993-04-14
13,78,Démarré,2025-04-14
13,79,Démarré,1998-04-30
13,80,Démarré,2024-09-25
13,81,Terminé,2009-05-16
13,82,Démarré,2017-06-08
13,83,Terminé,2025-04-14
13,84,En signature,2018-08-11
13,85,En signature,1993-05-12
13,86,Terminé,1995-10-13
13,87,Démarré,1991-02-05
13,88,Démarré,1997-02-01
13,89,En signature,2025-04-14
13,90,Terminé,1989-06-25
13,91,En signature,1988-03-06
13,92,Terminé,2025-04-14
13,93,En signature,2025-04-14
13,94,Démarré,2009-07-22
13,95,Terminé,2020-06-06
13,96,Démarré,2020-02-16
13,97,Démarré,2011-05-17
13,98,Démarré,2004-09-22
13,99,Démarré,1985-07-14
13,100,Terminé,1993-06-12
13,101,Démarré,2004-11-24
13,102,Démarré,2025-04-14
13,103,En signature,1995-03-08
13,104,En signature,2008-04-02
13,105,Terminé,2001-09-06
13,106,Terminé,2017-01-10
13,107,Démarré,1988-11-28
13,108,Démarré,2013-01-20
13,109,Terminé,2007-01-13
13,110,Démarré,2008-09-23
13,111,En signature,1994-11-06
13,112,En signature,1996-10-23
13,113,Démarré,2011-05-14
13,114,Démarré,1995-07-18
13,115,Démarré,2025-04-14
13,116,Démarré,2023-02-12
13,117,En signature,1992-01-09
13,118,En signature,1985-04-15
13,119,Terminé,2000-12-01
13,120,En signature,2002-01-30
13,121,En signature,1993-07-22
13,122,Démarré,2006-02-12
13,123,Démarré,2016-10-11
13,124,En signature,2007-07-31
13,125,Terminé,2006-07-20
13,126,Démarré,1992-03-09
13,127,Démarré,2004-07-25
13,128,Démarré,2021-10-13
13,129,Terminé,1990-10-20
13,130,Démarré,2005-10-26
13,131,Démarré,1986-11-05
13,132,Démarré,1996-12-15
13,133,Terminé,1989-01-17
13,134,Démarré,1996-06-28
13,135,En signature,2012-10-16
13,136,Terminé,1992-10-11
13,137,En signature,1989-05-23
13,138,En signature,1995-07-05
13,139,Terminé,2025-04-14
13,140,Terminé,1989-02-24
13,141,Terminé,2004-11-24
13,142,Terminé,1993-04-05
13,143,Terminé,2011-05-12
13,144,Démarré,1990-10-25
13,145,Terminé,2018-05-28
13,146,Démarré,2011-06-30
13,147,En signature,2001-06-05
13,148,Démarré,1998-09-12
13,149,Terminé,2015-02-17
13,150,Terminé,2025-04-14
14,1,Démarré,1999-09-20
14,2,Démarré,1994-06-07
14,3,En signature,2025-04-14
14,4,Démarré,2000-04-06
14,5,En signature,2001-08-30
14,6,En signature,2015-04-24
14,7,En signature,2004-09-30
14,8,Démarré,2011-02-24
14,9,Terminé,1998-07-02
14,10,Démarré,2004-10-07
14,11,En signature,2025-04-14
14,12,Démarré,2008-11-16
14,13,Démarré,2003-07-24
14,14,Démarré,1989-11-01
14,15,Terminé,2001-11-01
14,16,Démarré,2014-02-17
14,17,Terminé,2024-06-21
14,18,Démarré,2010-07-10
14,19,Terminé,2025-04-14
14,20,Démarré,2025-04-14
14,21,Terminé,1989-10-04
14,22,Terminé,2012-06-28
14,23,Terminé,2007-10-08
14,24,Terminé,1992-01-08
14,25,En signature,2025-04-14
14,26,En signature,2013-07-12
14,27,Terminé,1990-09-12
14,28,Démarré,2025-04-14
14,29,En signature,1992-02-06
14,30,En signature,1985-04-01
14,31,En signature,2025-04-14
14,32,Terminé,1996-01-06
14,33,En signature,1991-12-08
14,34,Terminé,1995-07-30
14,35,En signature,1994-11-23
14,36,Démarré,1990-05-26
14,37,En signature,2025-04-14
14,38,Terminé,2025-04-14
14,39,En signature,2015-09-10
14,40,Démarré,1995-03-16
14,41,En signature,2006-09-25
14,42,En signature,2000-10-12
14,43,Démarré,2003-09-14
14,44,Terminé,2002-12-10
14,45,Démarré,1991-08-15
14,46,Terminé,2025-04-14
14,47,Démarré,1997-09-02
14,48,En signature,1999-12-08
14,49,Démarré,2005-10-14
14,50,En signature,2025-04-14
14,51,Terminé,2021-09-29
14,52,En signature,2010-05-08
14,53,Démarré,2012-02-11
14,54,Démarré,2010-10-13
14,55,En signature,2005-06-03
14,56,Démarré,1987-03-17
14,57,Terminé,2015-03-17
14,58,Terminé,2009-08-27
14,59,En signature,1995-06-08
14,60,En signature,1993-10-24
14,61,Démarré,1985-12-08
14,62,Terminé,1993-02-22
14,63,Démarré,1987-07-01
14,64,Terminé,1998-07-13
14,65,Terminé,2020-06-20
14,66,En signature,1987-11-29
14,67,Terminé,1987-02-04
14,68,Démarré,2007-12-11
14,69,En signature,2013-08-06
14,70,En signature,2025-04-14
14,71,Terminé,2025-04-14
14,72,Démarré,2025-04-14
14,73,En signature,2019-06-15
14,74,Démarré,2025-04-14
14,75,En signature,2013-04-29
14,76,Démarré,2008-09-17
14,77,Terminé,1993-04-14
14,78,Terminé,2025-04-14
14,79,En signature,1998-04-30
14,80,Démarré,2024-09-25
14,81,En signature,2009-05-16
14,82,Terminé,2017-06-08
14,83,Terminé,2025-04-14
14,84,Démarré,2018-08-11
14,85,Démarré,1993-05-12
14,86,En signature,1995-10-13
14,87,Terminé,1991-02-05
14,88,En signature,1997-02-01
14,89,Démarré,2025-04-14
14,90,Terminé,1989-06-25
14,91,Démarré,1988-03-06
14,92,Démarré,2025-04-14
14,93,En signature,2025-04-14
14,94,En signature,2009-07-22
14,95,En signature,2020-06-06
14,96,Terminé,2020-02-16
14,97,Terminé,2011-05-17
14,98,En signature,2004-09-22
14,99,Terminé,1985-07-14
14,100,Démarré,1993-06-12
14,101,Terminé,2004-11-24
14,102,Terminé,2025-04-14
14,103,Démarré,1995-03-08
14,104,Terminé,2008-04-02
14,105,Terminé,2001-09-06
14,106,Démarré,2017-01-10
14,107,Démarré,1988-11-28
14,108,En signature,2013-01-20
14,109,Terminé,2007-01-13
14,110,Démarré,2008-09-23
14,111,Terminé,1994-11-06
14,112,Terminé,1996-10-23
14,113,Terminé,2011-05-14
14,114,Terminé,1995-07-18
14,115,Démarré,2025-04-14
14,116,En signature,2023-02-12
14,117,En signature,1992-01-09
14,118,Démarré,1985-04-15
14,119,En signature,2000-12-01
14,120,Terminé,2002-01-30
14,121,Démarré,1993-07-22
14,122,Démarré,2006-02-12
14,123,Démarré,2016-10-11
14,124,Terminé,2007-07-31
14,125,Terminé,2006-07-20
14,126,Terminé,1992-03-09
14,127,Démarré,2004-07-25
14,128,Terminé,2021-10-13
14,129,En signature,1990-10-20
14,130,Terminé,2005-10-26
14,131,En signature,1986-11-05
14,132,Terminé,1996-12-15
14,133,Démarré,1989-01-17
14,134,En signature,1996-06-28
14,135,Démarré,2012-10-16
14,136,Démarré,1992-10-11
14,137,Terminé,1989-05-23
14,138,En signature,1995-07-05
14,139,Terminé,2025-04-14
14,140,Démarré,1989-02-24
14,141,Terminé,2004-11-24
14,142,Démarré,1993-04-05
14,143,Terminé,2011-05-12
14,144,En signature,1990-10-25
14,145,Terminé,2018-05-28
14,146,En signature,2011-06-30
14,147,Terminé,2001-06-05
14,148,En signature,1998-09-12
14,149,Terminé,2015-02-17
14,150,En signature,2025-04-14
15,1,Démarré,1999-09-20
15,2,Terminé,1994-06-07
15,3,En signature,2025-04-14
15,4,Terminé,2000-04-06
15,5,Terminé,2001-08-30
15,6,En signature,2015-04-24
15,7,Démarré,2004-09-30
15,8,En signature,2011-02-24
15,9,Démarré,1998-07-02
15,10,En signature,2004-10-07
15,11,En signature,2025-04-14
15,12,En signature,2008-11-16
15,13,Démarré,2003-07-24
15,14,Démarré,1989-11-01
15,15,Terminé,2001-11-01
15,16,Terminé,2014-02-17
15,17,En signature,2024-06-21
15,18,Démarré,2010-07-10
15,19,Terminé,2025-04-14
15,20,En signature,2025-04-14
15,21,Démarré,1989-10-04
15,22,Terminé,2012-06-28
15,23,Démarré,2007-10-08
15,24,En signature,1992-01-08
15,25,En signature,2025-04-14
15,26,En signature,2013-07-12
15,27,Terminé,1990-09-12
15,28,Démarré,2025-04-14
15,29,Démarré,1992-02-06
15,30,Démarré,1985-04-01
15,31,Démarré,2025-04-14
15,32,Terminé,1996-01-06
,,,
,,,
,,,
,,,
,,,
,,,
,,,
,,,
,,,
,,,
,,,
,,,
,,,
,,,
,,,
,,,
,,,
,,,
,,,
,,,
,,,
,,,
,,,
,,,
,,,
,,,
,,,
,,,
,,,
,,,
,,,
,,,
,,,
,,,
,,,
,,,
,,,
,,,
,,,
,,,
,,,
,,,
,,,
,,,
,,,
,,,
,,,
,,,
,,,
,,,
,,,
,,,
,,,
,,,
,,,
,,,
,,,
,,,
,,,
,,,
,,,
,,,
,,,
,,,
,,,
,,,
,,,
,,,
,,,
,,,
,,,
,,,
,,,
,,,
,,,
,,,
,,,
,,,
,,,
,,,
,,,
,,,
,,,
,,,
,,,
,,,
,,,
,,,
,,,
,,,
,,,
,,,
,,,
,,,
,,,
,,,
,,,
,,,
,,,
,,,
,,,
,,,
,,,
,,,
,,,
,,,
,,,
,,,
,,,
,,,
,,,
,,,
,,,
,,,
,,,
,,,
,,,
,,,
,,,
,,,
,,,
,,,
,,,
,,,
,,,
,,,
,,,
,,,
,,,
,,,
,,,
,,,
,,,
,,,
,,,
,,,
,,,
,,,
,,,
,,,
,,,
,,,
,,,
,,,
,,,
,,,
,,,
,,,
,,,
,,,
,,,
,,,
,,,
,,,
,,,
,,,
,,,
,,,
,,,
,,,
,,,
,,,
,,,
,,,
,,,
,,,
,,,
,,,
,,,
,,,
,,,
,,,
,,,
,,,
,,,
,,,
,,,
,,,
,,,
,,,
,,,
,,,
,,,
,,,
,,,
,,,
,,,
,,,
,,,
,,,
,,,
,,,
,,,
,,,
,,,
,,,
,,,
,,,
,,,
,,,
,,,
,,,
,,,
,,,
,,,
,,,
,,,
,,,
,,,
,,,
,,,
,,,
,,,
,,,
,,,
,,,
,,,
,,,
,,,
,,,
,,,
,,,
,,,
,,,
,,,
,,,
,,,
,,,
,,,
,,,
,,,
,,,
,,,
,,,
,,,
,,,
,,,
,,,
,,,
,,,
,,,
,,,
,,,
,,,
,,,
,,,
,,,
,,,
,,,
,,,
,,,
,,,
,,,
,,,
,,,
,,,
,,,
,,,
,,,
,,,
,,,
,,,
,,,
,,,
,,,
,,,
,,,
,,,
,,,
,,,
,,,
,,,
,,,
,,,
,,,
,,,
,,,
,,,
,,,
,,,
,,,
,,,
,,,
,,,
,,,
,,,
,,,
,,,
,,,
,,,
,,,
,,,
,,,
,,,
,,,
,,,
,,,
,,,
,,,
,,,
,,,
,,,
,,,
,,,
,,,
,,,
,,,
,,,
,,,
,,,
,,,
,,,
,,,
,,,
,,,
,,,
,,,
,,,
,,,
,,,
,,,
,,,
,,,
,,,
,,,
,,,
,,,
,,,
,,,
,,,
,,,
,,,
,,,
,,,
,,,
,,,
,,,
,,,
,,,
,,,
,,,
,,,
,,,
,,,
,,,
,,,
,,,
,,,
,,,
,,,
,,,
,,,
,,,
,,,
,,,
,,,
,,,
,,,
,,,
,,,
,,,
,,,
,,,
,,,
,,,
,,,
,,,
,,,
,,,
,,,
,,,
,,,
,,,
,,,
,,,
,,,
,,,
,,,
,,,
,,,
,,,
,,,
,,,
,,,
,,,
,,,
,,,
,,,
,,,
,,,
,,,
,,,
,,,
,,,
,,,
,,,
,,,
,,,
,,,
,,,
,,,
,,,
,,,
,,,
,,,
,,,
,,,
,,,
,,,
,,,
,,,
,,,
,,,
,,,
,,,
,,,
,,,
,,,
,,,
,,,
,,,
,,,
,,,
,,,
,,,
,,,
,,,
,,,
,,,
,,,
,,,
,,,
,,,
,,,
,,,
,,,
,,,
,,,
,,,
,,,
,,,
,,,
,,,
,,,
,,,
,,,
,,,
,,,
,,,
,,,
,,,
,,,
,,,
,,,
,,,
,,,
,,,
,,,
,,,
,,,
,,,
,,,
,,,
,,,
,,,
,,,
,,,
,,,
,,,
,,,
,,,
,,,
,,,
,,,
,,,
,,,
,,,
,,,
,,,
,,,
,,,
,,,
,,,
,,,
,,,
,,,
,,,
,,,
,,,
,,,
,,,
,,,
,,,
,,,
,,,
,,,
,,,
,,,
,,,
,,,
,,,
,,,
,,,
,,,
,,,
,,,
,,,
,,,
,,,
,,,
,,,
,,,
,,,
,,,
,,,
,,,
,,,
,,,
,,,
,,,
,,,
,,,
,,,
,,,
,,,
,,,
,,,
,,,
,,,
,,,
,,,
,,,
,,,
,,,
,,,
,,,
,,,
,,,
,,,
,,,
,,,
,,,
,,,
,,,
,,,
,,,
,,,
,,,
,,,
,,,
,,,
,,,
,,,
,,,
,,,
,,,
,,,
,,,
,,,
,,,
,,,
,,,
,,,
,,,
,,,
,,,
,,,
,,,
,,,
,,,
,,,
,,,
,,,
,,,
,,,
,,,
,,,
,,,
,,,
,,,
,,,
,,,
,,,
,,,
,,,
,,,
,,,
,,,
,,,
,,,
,,,
,,,
,,,
,,,
,,,
,,,
,,,
,,,
,,,
,,,
,,,
,,,
,,,
,,,
,,,
,,,
,,,
,,,
,,,
,,,
,,,
,,,
,,,
,,,
,,,
,,,
,,,
,,,
,,,
,,,
,,,
,,,
,,,
,,,
,,,
,,,
,,,
,,,
,,,
,,,
,,,
,,,
,,,
,,,
,,,
,,,
,,,
,,,
,,,
,,,
,,,
,,,
,,,
,,,
,,,
,,,
,,,
,,,
,,,
,,,
,,,
,,,
,,,
,,,
,,,
,,,
,,,
,,,
,,,
,,,
,,,
,,,
,,,
,,,
,,,
,,,
,,,
,,,
,,,
,,,
,,,
,,,
,,,
,,,
,,,
,,,
,,,
,,,
,,,
,,,
,,,
,,,
,,,
,,,
,,,
,,,
,,,
,,,
,,,
,,,
,,,
,,,
,,,
,,,
,,,
,,,
,,,
,,,
,,,
,,,
,,,
,,,
,,,
,,,
,,,
,,,
,,,
,,,
,,,
,,,
,,,
,,,
,,,
,,,
,,,
,,,
,,,
,,,
,,,
,,,
,,,
,,,
,,,
,,,
,,,
,,,
,,,
,,,
,,,
,,,
,,,
,,,
,,,
,,,
,,,
,,,
,,,
,,,
,,,
,,,
,,,
,,,
,,,
,,,
,,,
,,,
,,,
,,,
,,,
,,,
,,,
,,,
,,,
,,,
,,,
,,,
,,,
,,,
,,,
,,,
,,,
,,,
,,,
,,,
,,,
,,,
,,,
,,,
,,,
,,,
,,,
,,,
,,,
,,,
,,,
,,,
,,,
,,,
,,,
,,,
,,,
,,,
,,,
,,,
,,,
,,,
,,,
,,,
,,,
,,,
,,,
,,,
,,,
,,,
,,,
,,,
,,,
,,,
,,,
,,,
,,,
,,,
,,,
,,,
,,,
,,,
,,,
,,,
,,,
,,,
,,,
,,,
,,,
,,,
,,,
,,,
,,,
,,,
,,,
,,,
,,,
,,,
,,,
,,,
,,,
,,,
,,,
,,,
,,,
,,,
,,,
,,,
,,,
,,,
,,,
,,,
,,,
,,,
,,,
,,,
,,,
,,,
,,,
,,,
,,,
,,,
,,,
,,,
,,,
,,,
,,,
,,,
,,,
,,,
,,,
,,,
,,,
,,,
,,,
,,,
,,,
,,,
,,,
,,,
,,,
,,,
,,,
,,,
,,,
,,,
,,,
,,,
,,,
,,,
,,,
,,,
,,,
,,,
,,,
,,,
,,,
,,,
,,,
,,,
,,,
,,,
,,,
,,,
,,,
,,,
,,,
,,,
,,,
,,,
,,,
,,,
,,,
,,,
,,,
,,,
,,,
,,,
,,,
,,,
,,,
,,,
,,,
,,,
,,,
,,,
,,,
,,,
,,,
,,,
,,,
,,,
,,,
,,,
,,,
,,,
,,,
,,,
,,,
,,,
,,,
,,,
,,,
,,,
,,,
,,,
,,,
,,,
,,,
,,,
,,,
,,,
,,,
,,,
,,,
,,,
,,,
,,,
,,,
,,,
,,,
,,,
,,,
,,,
,,,
,,,
,,,
,,,
,,,
,,,
,,,
,,,
,,,
,,,
,,,
,,,
,,,
,,,
,,,
,,,
,,,
,,,
,,,
,,,
,,,
,,,
,,,
,,,
,,,
,,,
,,,
,,,
,,,
,,,
,,,
,,,
,,,
,,,
,,,
,,,
,,,
,,,
,,,
,,,
,,,
,,,
,,,
,,,
,,,
,,,
,,,
,,,
,,,
,,,
,,,
,,,
,,,
,,,
,,,
,,,
,,,
,,,
,,,
,,,
,,,
,,,
,,,
,,,
,,,
,,,
,,,
,,,
,,,
,,,
,,,
,,,
,,,
,,,
,,,
,,,
,,,
,,,
,,,
,,,
,,,
,,,
,,,
,,,
,,,
,,,
,,,
,,,
,,,
,,,
,,,
,,,
,,,
,,,
,,,
,,,
,,,
,,,
,,,
,,,
,,,
,,,
,,,
,,,
,,,
,,,
,,,
,,,
,,,
,,,
,,,
,,,
,,,
,,,
,,,
,,,
,,,
,,,
,,,
,,,
,,,
,,,
,,,
,,,
,,,
,,,
,,,
,,,
,,,
,,,
,,,
,,,
,,,
,,,
,,,
,,,
,,,
,,,
,,,
,,,
,,,
,,,
,,,
,,,
,,,
,,,
,,,
,,,
,,,
,,,
,,,
,,,
,,,
,,,
,,,
,,,
,,,
,,,
,,,
,,,
,,,
,,,
,,,
,,,
,,,
,,,
,,,
,,,
,,,
,,,
,,,
,,,
,,,
,,,
,,,
,,,
,,,
,,,
,,,
,,,
,,,
,,,
,,,
,,,
,,,
,,,
,,,
,,,
,,,
,,,
,,,
,,,
,,,
,,,
,,,
,,,
,,,
,,,
,,,
,,,
,,,
,,,
,,,
,,,
,,,
,,,
,,,
,,,
,,,
,,,
,,,
,,,
,,,
,,,
,,,
,,,
,,,
,,,
,,,
,,,
